aggregation,family,subgroup,arm,metric,value,n_valid,n_total
subgroup11,NAB,NAB-AWS,FINAL_DEFAULT,f1_max,0.684375,16,17
subgroup11,NAB,NAB-AWS,FINAL_DEFAULT,auprc,0.3955923773241183,16,17
subgroup11,NAB,NAB-AWS,FINAL_DEFAULT,vus_pr,0.7801937517731317,16,17
subgroup11,NAB,NAB-AWS,FINAL_DEFAULT,anomaly_free_fp_rate,1.0,1,17
subgroup11,NAB,NAB-AWS,FINAL_DEFAULT,anomaly_free_fp_count,4032.0,1,17
subgroup11,NAB,NAB-AWS,FINAL_DEFAULT,anomaly_free_mean_excess,0.0261992141821634,1,17
subgroup11,NAB,NAB-AWS,FINAL_DEFAULT,anomaly_free_score_p95,0.0819331378236244,1,17
subgroup11,NAB,NAB-AWS,MATCH_FINAL_POSITION,f1_max,0.6099702380952381,16,17
subgroup11,NAB,NAB-AWS,MATCH_FINAL_POSITION,auprc,0.3903425794586588,16,17
subgroup11,NAB,NAB-AWS,MATCH_FINAL_POSITION,vus_pr,0.7690323465117245,16,17
subgroup11,NAB,NAB-AWS,MATCH_FINAL_POSITION,anomaly_free_fp_rate,1.0,1,17
subgroup11,NAB,NAB-AWS,MATCH_FINAL_POSITION,anomaly_free_fp_count,4032.0,1,17
subgroup11,NAB,NAB-AWS,MATCH_FINAL_POSITION,anomaly_free_mean_excess,0.0331240785653265,1,17
subgroup11,NAB,NAB-AWS,MATCH_FINAL_POSITION,anomaly_free_score_p95,0.1170256859499782,1,17
subgroup11,NAB,NAB-AWS,MATCH_FINAL_ROW,f1_max,0.7089285714285714,16,17
subgroup11,NAB,NAB-AWS,MATCH_FINAL_ROW,auprc,0.39192623771871493,16,17
subgroup11,NAB,NAB-AWS,MATCH_FINAL_ROW,vus_pr,0.7894506819852465,16,17
subgroup11,NAB,NAB-AWS,MATCH_FINAL_ROW,anomaly_free_fp_rate,1.0,1,17
subgroup11,NAB,NAB-AWS,MATCH_FINAL_ROW,anomaly_free_fp_count,4032.0,1,17
subgroup11,NAB,NAB-AWS,MATCH_FINAL_ROW,anomaly_free_mean_excess,0.0271517779024019,1,17
subgroup11,NAB,NAB-AWS,MATCH_FINAL_ROW,anomaly_free_score_p95,0.0857029368719172,1,17
subgroup11,NAB,NAB-AWS,SCALE_P,f1_max,0.6423115079365079,16,17
subgroup11,NAB,NAB-AWS,SCALE_P,auprc,0.3591532722803769,16,17
subgroup11,NAB,NAB-AWS,SCALE_P,vus_pr,0.7504343000354902,16,17
subgroup11,NAB,NAB-AWS,SCALE_P,anomaly_free_fp_rate,1.0,1,17
subgroup11,NAB,NAB-AWS,SCALE_P,anomaly_free_fp_count,4032.0,1,17
subgroup11,NAB,NAB-AWS,SCALE_P,anomaly_free_mean_excess,0.0363956737746537,1,17
subgroup11,NAB,NAB-AWS,SCALE_P,anomaly_free_score_p95,0.1351360976696014,1,17
subgroup11,NAB,NAB-AWS,IHP0_NCTP0,f1_max,0.5929206027890238,16,17
subgroup11,NAB,NAB-AWS,IHP0_NCTP0,auprc,0.3204373790579075,16,17
subgroup11,NAB,NAB-AWS,IHP0_NCTP0,vus_pr,0.7490237633630812,16,17
subgroup11,NAB,NAB-AWS,IHP0_NCTP0,anomaly_free_fp_rate,1.0,1,17
subgroup11,NAB,NAB-AWS,IHP0_NCTP0,anomaly_free_fp_count,4032.0,1,17
subgroup11,NAB,NAB-AWS,IHP0_NCTP0,anomaly_free_mean_excess,0.0376069665631122,1,17
subgroup11,NAB,NAB-AWS,IHP0_NCTP0,anomaly_free_score_p95,0.0845236248566733,1,17
subgroup11,NAB,NAB-AWS,IHP1_NCTP0,f1_max,0.5831983805668016,16,17
subgroup11,NAB,NAB-AWS,IHP1_NCTP0,auprc,0.3140286019559547,16,17
subgroup11,NAB,NAB-AWS,IHP1_NCTP0,vus_pr,0.7484715184398129,16,17
subgroup11,NAB,NAB-AWS,IHP1_NCTP0,anomaly_free_fp_rate,1.0,1,17
subgroup11,NAB,NAB-AWS,IHP1_NCTP0,anomaly_free_fp_count,4032.0,1,17
subgroup11,NAB,NAB-AWS,IHP1_NCTP0,anomaly_free_mean_excess,0.0381597189620302,1,17
subgroup11,NAB,NAB-AWS,IHP1_NCTP0,anomaly_free_score_p95,0.0929253243404327,1,17
subgroup11,NAB,NAB-AWS,IHP0_NCTP1,f1_max,0.673397435897436,16,17
subgroup11,NAB,NAB-AWS,IHP0_NCTP1,auprc,0.4085118696113841,16,17
subgroup11,NAB,NAB-AWS,IHP0_NCTP1,vus_pr,0.783289604168569,16,17
subgroup11,NAB,NAB-AWS,IHP0_NCTP1,anomaly_free_fp_rate,1.0,1,17
subgroup11,NAB,NAB-AWS,IHP0_NCTP1,anomaly_free_fp_count,4032.0,1,17
subgroup11,NAB,NAB-AWS,IHP0_NCTP1,anomaly_free_mean_excess,0.0260296672803222,1,17
subgroup11,NAB,NAB-AWS,IHP0_NCTP1,anomaly_free_score_p95,0.0766278415497326,1,17
subgroup11,NAB,NAB-AWS,IHP1_NCTP1,f1_max,0.684375,16,17
subgroup11,NAB,NAB-AWS,IHP1_NCTP1,auprc,0.3955923773241183,16,17
subgroup11,NAB,NAB-AWS,IHP1_NCTP1,vus_pr,0.7801937517731317,16,17
subgroup11,NAB,NAB-AWS,IHP1_NCTP1,anomaly_free_fp_rate,1.0,1,17
subgroup11,NAB,NAB-AWS,IHP1_NCTP1,anomaly_free_fp_count,4032.0,1,17
subgroup11,NAB,NAB-AWS,IHP1_NCTP1,anomaly_free_mean_excess,0.0261992141821634,1,17
subgroup11,NAB,NAB-AWS,IHP1_NCTP1,anomaly_free_score_p95,0.0819331378236244,1,17
subgroup11,NAB,NAB-AWS,CTRL_CLS_LEGACY,f1_max,0.5541666666666667,16,17
subgroup11,NAB,NAB-AWS,CTRL_CLS_LEGACY,auprc,0.38213831801827436,16,17
subgroup11,NAB,NAB-AWS,CTRL_CLS_LEGACY,vus_pr,0.7423677370297549,16,17
subgroup11,NAB,NAB-AWS,CTRL_CLS_LEGACY,anomaly_free_fp_rate,1.0,1,17
subgroup11,NAB,NAB-AWS,CTRL_CLS_LEGACY,anomaly_free_fp_count,4032.0,1,17
subgroup11,NAB,NAB-AWS,CTRL_CLS_LEGACY,anomaly_free_mean_excess,0.0100154138555348,1,17
subgroup11,NAB,NAB-AWS,CTRL_CLS_LEGACY,anomaly_free_score_p95,0.0136492401361465,1,17
subgroup11,NAB,NAB-AWS,CTRL_CLS_NATIVE_W240,f1_max,0.5541666666666667,16,17
subgroup11,NAB,NAB-AWS,CTRL_CLS_NATIVE_W240,auprc,0.3826955133407333,16,17
subgroup11,NAB,NAB-AWS,CTRL_CLS_NATIVE_W240,vus_pr,0.742694610737492,16,17
subgroup11,NAB,NAB-AWS,CTRL_CLS_NATIVE_W240,anomaly_free_fp_rate,1.0,1,17
subgroup11,NAB,NAB-AWS,CTRL_CLS_NATIVE_W240,anomaly_free_fp_count,4032.0,1,17
subgroup11,NAB,NAB-AWS,CTRL_CLS_NATIVE_W240,anomaly_free_mean_excess,0.0100153555709218,1,17
subgroup11,NAB,NAB-AWS,CTRL_CLS_NATIVE_W240,anomaly_free_score_p95,0.0136492401361465,1,17
subgroup11,NAB,NAB-AWS,CTRL_PATCH_MEAN_NATIVE_W240,f1_max,0.5958333333333332,16,17
subgroup11,NAB,NAB-AWS,CTRL_PATCH_MEAN_NATIVE_W240,auprc,0.42486017668771925,16,17
subgroup11,NAB,NAB-AWS,CTRL_PATCH_MEAN_NATIVE_W240,vus_pr,0.8213949767073534,16,17
subgroup11,NAB,NAB-AWS,CTRL_PATCH_MEAN_NATIVE_W240,anomaly_free_fp_rate,1.0,1,17
subgroup11,NAB,NAB-AWS,CTRL_PATCH_MEAN_NATIVE_W240,anomaly_free_fp_count,4032.0,1,17
subgroup11,NAB,NAB-AWS,CTRL_PATCH_MEAN_NATIVE_W240,anomaly_free_mean_excess,0.007271804285073,1,17
subgroup11,NAB,NAB-AWS,CTRL_PATCH_MEAN_NATIVE_W240,anomaly_free_score_p95,0.0110390409827232,1,17
subgroup11,NAB,NAB-AdExchange,FINAL_DEFAULT,f1_max,0.6547619047619048,5,5
subgroup11,NAB,NAB-AdExchange,FINAL_DEFAULT,auprc,0.45192665563885737,5,5
subgroup11,NAB,NAB-AdExchange,FINAL_DEFAULT,vus_pr,0.7225054412357172,5,5
subgroup11,NAB,NAB-AdExchange,FINAL_DEFAULT,anomaly_free_fp_rate,,0,5
subgroup11,NAB,NAB-AdExchange,FINAL_DEFAULT,anomaly_free_fp_count,,0,5
subgroup11,NAB,NAB-AdExchange,FINAL_DEFAULT,anomaly_free_mean_excess,,0,5
subgroup11,NAB,NAB-AdExchange,FINAL_DEFAULT,anomaly_free_score_p95,,0,5
subgroup11,NAB,NAB-AdExchange,MATCH_FINAL_POSITION,f1_max,0.6214285714285714,5,5
subgroup11,NAB,NAB-AdExchange,MATCH_FINAL_POSITION,auprc,0.4234711365381747,5,5
subgroup11,NAB,NAB-AdExchange,MATCH_FINAL_POSITION,vus_pr,0.7195953318764877,5,5
subgroup11,NAB,NAB-AdExchange,MATCH_FINAL_POSITION,anomaly_free_fp_rate,,0,5
subgroup11,NAB,NAB-AdExchange,MATCH_FINAL_POSITION,anomaly_free_fp_count,,0,5
subgroup11,NAB,NAB-AdExchange,MATCH_FINAL_POSITION,anomaly_free_mean_excess,,0,5
subgroup11,NAB,NAB-AdExchange,MATCH_FINAL_POSITION,anomaly_free_score_p95,,0,5
subgroup11,NAB,NAB-AdExchange,MATCH_FINAL_ROW,f1_max,0.6357142857142858,5,5
subgroup11,NAB,NAB-AdExchange,MATCH_FINAL_ROW,auprc,0.4045337048910028,5,5
subgroup11,NAB,NAB-AdExchange,MATCH_FINAL_ROW,vus_pr,0.7061657531245851,5,5
subgroup11,NAB,NAB-AdExchange,MATCH_FINAL_ROW,anomaly_free_fp_rate,,0,5
subgroup11,NAB,NAB-AdExchange,MATCH_FINAL_ROW,anomaly_free_fp_count,,0,5
subgroup11,NAB,NAB-AdExchange,MATCH_FINAL_ROW,anomaly_free_mean_excess,,0,5
subgroup11,NAB,NAB-AdExchange,MATCH_FINAL_ROW,anomaly_free_score_p95,,0,5
subgroup11,NAB,NAB-AdExchange,SCALE_P,f1_max,0.588095238095238,5,5
subgroup11,NAB,NAB-AdExchange,SCALE_P,auprc,0.41019235598513026,5,5
subgroup11,NAB,NAB-AdExchange,SCALE_P,vus_pr,0.7205369383069624,5,5
subgroup11,NAB,NAB-AdExchange,SCALE_P,anomaly_free_fp_rate,,0,5
subgroup11,NAB,NAB-AdExchange,SCALE_P,anomaly_free_fp_count,,0,5
subgroup11,NAB,NAB-AdExchange,SCALE_P,anomaly_free_mean_excess,,0,5
subgroup11,NAB,NAB-AdExchange,SCALE_P,anomaly_free_score_p95,,0,5
subgroup11,NAB,NAB-AdExchange,IHP0_NCTP0,f1_max,0.5900000000000001,5,5
subgroup11,NAB,NAB-AdExchange,IHP0_NCTP0,auprc,0.3332086645196729,5,5
subgroup11,NAB,NAB-AdExchange,IHP0_NCTP0,vus_pr,0.6680579230762025,5,5
subgroup11,NAB,NAB-AdExchange,IHP0_NCTP0,anomaly_free_fp_rate,,0,5
subgroup11,NAB,NAB-AdExchange,IHP0_NCTP0,anomaly_free_fp_count,,0,5
subgroup11,NAB,NAB-AdExchange,IHP0_NCTP0,anomaly_free_mean_excess,,0,5
subgroup11,NAB,NAB-AdExchange,IHP0_NCTP0,anomaly_free_score_p95,,0,5
subgroup11,NAB,NAB-AdExchange,IHP1_NCTP0,f1_max,0.6244588744588745,5,5
subgroup11,NAB,NAB-AdExchange,IHP1_NCTP0,auprc,0.3384271468973521,5,5
subgroup11,NAB,NAB-AdExchange,IHP1_NCTP0,vus_pr,0.6843783160847304,5,5
subgroup11,NAB,NAB-AdExchange,IHP1_NCTP0,anomaly_free_fp_rate,,0,5
subgroup11,NAB,NAB-AdExchange,IHP1_NCTP0,anomaly_free_fp_count,,0,5
subgroup11,NAB,NAB-AdExchange,IHP1_NCTP0,anomaly_free_mean_excess,,0,5
subgroup11,NAB,NAB-AdExchange,IHP1_NCTP0,anomaly_free_score_p95,,0,5
subgroup11,NAB,NAB-AdExchange,IHP0_NCTP1,f1_max,0.6547619047619048,5,5
subgroup11,NAB,NAB-AdExchange,IHP0_NCTP1,auprc,0.461330638496792,5,5
subgroup11,NAB,NAB-AdExchange,IHP0_NCTP1,vus_pr,0.7187490446516129,5,5
subgroup11,NAB,NAB-AdExchange,IHP0_NCTP1,anomaly_free_fp_rate,,0,5
subgroup11,NAB,NAB-AdExchange,IHP0_NCTP1,anomaly_free_fp_count,,0,5
subgroup11,NAB,NAB-AdExchange,IHP0_NCTP1,anomaly_free_mean_excess,,0,5
subgroup11,NAB,NAB-AdExchange,IHP0_NCTP1,anomaly_free_score_p95,,0,5
subgroup11,NAB,NAB-AdExchange,IHP1_NCTP1,f1_max,0.6547619047619048,5,5
subgroup11,NAB,NAB-AdExchange,IHP1_NCTP1,auprc,0.45192665563885737,5,5
subgroup11,NAB,NAB-AdExchange,IHP1_NCTP1,vus_pr,0.7225054412357172,5,5
subgroup11,NAB,NAB-AdExchange,IHP1_NCTP1,anomaly_free_fp_rate,,0,5
subgroup11,NAB,NAB-AdExchange,IHP1_NCTP1,anomaly_free_fp_count,,0,5
subgroup11,NAB,NAB-AdExchange,IHP1_NCTP1,anomaly_free_mean_excess,,0,5
subgroup11,NAB,NAB-AdExchange,IHP1_NCTP1,anomaly_free_score_p95,,0,5
subgroup11,NAB,NAB-AdExchange,CTRL_CLS_LEGACY,f1_max,0.13333333333333333,5,5
subgroup11,NAB,NAB-AdExchange,CTRL_CLS_LEGACY,auprc,0.1934004306851637,5,5
subgroup11,NAB,NAB-AdExchange,CTRL_CLS_LEGACY,vus_pr,0.704287749653303,5,5
subgroup11,NAB,NAB-AdExchange,CTRL_CLS_LEGACY,anomaly_free_fp_rate,,0,5
subgroup11,NAB,NAB-AdExchange,CTRL_CLS_LEGACY,anomaly_free_fp_count,,0,5
subgroup11,NAB,NAB-AdExchange,CTRL_CLS_LEGACY,anomaly_free_mean_excess,,0,5
subgroup11,NAB,NAB-AdExchange,CTRL_CLS_LEGACY,anomaly_free_score_p95,,0,5
subgroup11,NAB,NAB-AdExchange,CTRL_CLS_NATIVE_W240,f1_max,0.13333333333333333,5,5
subgroup11,NAB,NAB-AdExchange,CTRL_CLS_NATIVE_W240,auprc,0.1949062880353391,5,5
subgroup11,NAB,NAB-AdExchange,CTRL_CLS_NATIVE_W240,vus_pr,0.7053331308329296,5,5
subgroup11,NAB,NAB-AdExchange,CTRL_CLS_NATIVE_W240,anomaly_free_fp_rate,,0,5
subgroup11,NAB,NAB-AdExchange,CTRL_CLS_NATIVE_W240,anomaly_free_fp_count,,0,5
subgroup11,NAB,NAB-AdExchange,CTRL_CLS_NATIVE_W240,anomaly_free_mean_excess,,0,5
subgroup11,NAB,NAB-AdExchange,CTRL_CLS_NATIVE_W240,anomaly_free_score_p95,,0,5
subgroup11,NAB,NAB-AdExchange,CTRL_PATCH_MEAN_NATIVE_W240,f1_max,0.21333333333333332,5,5
subgroup11,NAB,NAB-AdExchange,CTRL_PATCH_MEAN_NATIVE_W240,auprc,0.3081244498639118,5,5
subgroup11,NAB,NAB-AdExchange,CTRL_PATCH_MEAN_NATIVE_W240,vus_pr,0.7659501331928954,5,5
subgroup11,NAB,NAB-AdExchange,CTRL_PATCH_MEAN_NATIVE_W240,anomaly_free_fp_rate,,0,5
subgroup11,NAB,NAB-AdExchange,CTRL_PATCH_MEAN_NATIVE_W240,anomaly_free_fp_count,,0,5
subgroup11,NAB,NAB-AdExchange,CTRL_PATCH_MEAN_NATIVE_W240,anomaly_free_mean_excess,,0,5
subgroup11,NAB,NAB-AdExchange,CTRL_PATCH_MEAN_NATIVE_W240,anomaly_free_score_p95,,0,5
subgroup11,NAB,NAB-Artificial,FINAL_DEFAULT,f1_max,0.5533730158730158,6,6
subgroup11,NAB,NAB-Artificial,FINAL_DEFAULT,auprc,0.3278369328467086,6,6
subgroup11,NAB,NAB-Artificial,FINAL_DEFAULT,vus_pr,0.5156948671622034,6,6
subgroup11,NAB,NAB-Artificial,FINAL_DEFAULT,anomaly_free_fp_rate,,0,6
subgroup11,NAB,NAB-Artificial,FINAL_DEFAULT,anomaly_free_fp_count,,0,6
subgroup11,NAB,NAB-Artificial,FINAL_DEFAULT,anomaly_free_mean_excess,,0,6
subgroup11,NAB,NAB-Artificial,FINAL_DEFAULT,anomaly_free_score_p95,,0,6
subgroup11,NAB,NAB-Artificial,MATCH_FINAL_POSITION,f1_max,0.5413419913419913,6,6
subgroup11,NAB,NAB-Artificial,MATCH_FINAL_POSITION,auprc,0.3057455966768686,6,6
subgroup11,NAB,NAB-Artificial,MATCH_FINAL_POSITION,vus_pr,0.48469654948346425,6,6
subgroup11,NAB,NAB-Artificial,MATCH_FINAL_POSITION,anomaly_free_fp_rate,,0,6
subgroup11,NAB,NAB-Artificial,MATCH_FINAL_POSITION,anomaly_free_fp_count,,0,6
subgroup11,NAB,NAB-Artificial,MATCH_FINAL_POSITION,anomaly_free_mean_excess,,0,6
subgroup11,NAB,NAB-Artificial,MATCH_FINAL_POSITION,anomaly_free_score_p95,,0,6
subgroup11,NAB,NAB-Artificial,MATCH_FINAL_ROW,f1_max,0.6180555555555555,6,6
subgroup11,NAB,NAB-Artificial,MATCH_FINAL_ROW,auprc,0.36057997818020465,6,6
subgroup11,NAB,NAB-Artificial,MATCH_FINAL_ROW,vus_pr,0.538659388375665,6,6
subgroup11,NAB,NAB-Artificial,MATCH_FINAL_ROW,anomaly_free_fp_rate,,0,6
subgroup11,NAB,NAB-Artificial,MATCH_FINAL_ROW,anomaly_free_fp_count,,0,6
subgroup11,NAB,NAB-Artificial,MATCH_FINAL_ROW,anomaly_free_mean_excess,,0,6
subgroup11,NAB,NAB-Artificial,MATCH_FINAL_ROW,anomaly_free_score_p95,,0,6
subgroup11,NAB,NAB-Artificial,SCALE_P,f1_max,0.6117149758454107,6,6
subgroup11,NAB,NAB-Artificial,SCALE_P,auprc,0.2261531308176492,6,6
subgroup11,NAB,NAB-Artificial,SCALE_P,vus_pr,0.442074872124305,6,6
subgroup11,NAB,NAB-Artificial,SCALE_P,anomaly_free_fp_rate,,0,6
subgroup11,NAB,NAB-Artificial,SCALE_P,anomaly_free_fp_count,,0,6
subgroup11,NAB,NAB-Artificial,SCALE_P,anomaly_free_mean_excess,,0,6
subgroup11,NAB,NAB-Artificial,SCALE_P,anomaly_free_score_p95,,0,6
subgroup11,NAB,NAB-Artificial,IHP0_NCTP0,f1_max,0.44498556998557,6,6
subgroup11,NAB,NAB-Artificial,IHP0_NCTP0,auprc,0.28540413987286134,6,6
subgroup11,NAB,NAB-Artificial,IHP0_NCTP0,vus_pr,0.5175838425383679,6,6
subgroup11,NAB,NAB-Artificial,IHP0_NCTP0,anomaly_free_fp_rate,,0,6
subgroup11,NAB,NAB-Artificial,IHP0_NCTP0,anomaly_free_fp_count,,0,6
subgroup11,NAB,NAB-Artificial,IHP0_NCTP0,anomaly_free_mean_excess,,0,6
subgroup11,NAB,NAB-Artificial,IHP0_NCTP0,anomaly_free_score_p95,,0,6
subgroup11,NAB,NAB-Artificial,IHP1_NCTP0,f1_max,0.6129629629629629,6,6
subgroup11,NAB,NAB-Artificial,IHP1_NCTP0,auprc,0.29264591252710875,6,6
subgroup11,NAB,NAB-Artificial,IHP1_NCTP0,vus_pr,0.5225918805750024,6,6
subgroup11,NAB,NAB-Artificial,IHP1_NCTP0,anomaly_free_fp_rate,,0,6
subgroup11,NAB,NAB-Artificial,IHP1_NCTP0,anomaly_free_fp_count,,0,6
subgroup11,NAB,NAB-Artificial,IHP1_NCTP0,anomaly_free_mean_excess,,0,6
subgroup11,NAB,NAB-Artificial,IHP1_NCTP0,anomaly_free_score_p95,,0,6
subgroup11,NAB,NAB-Artificial,IHP0_NCTP1,f1_max,0.5769841269841269,6,6
subgroup11,NAB,NAB-Artificial,IHP0_NCTP1,auprc,0.3328822665672593,6,6
subgroup11,NAB,NAB-Artificial,IHP0_NCTP1,vus_pr,0.5239141469733578,6,6
subgroup11,NAB,NAB-Artificial,IHP0_NCTP1,anomaly_free_fp_rate,,0,6
subgroup11,NAB,NAB-Artificial,IHP0_NCTP1,anomaly_free_fp_count,,0,6
subgroup11,NAB,NAB-Artificial,IHP0_NCTP1,anomaly_free_mean_excess,,0,6
subgroup11,NAB,NAB-Artificial,IHP0_NCTP1,anomaly_free_score_p95,,0,6
subgroup11,NAB,NAB-Artificial,IHP1_NCTP1,f1_max,0.5533730158730158,6,6
subgroup11,NAB,NAB-Artificial,IHP1_NCTP1,auprc,0.3278369328467086,6,6
subgroup11,NAB,NAB-Artificial,IHP1_NCTP1,vus_pr,0.5156948671622034,6,6
subgroup11,NAB,NAB-Artificial,IHP1_NCTP1,anomaly_free_fp_rate,,0,6
subgroup11,NAB,NAB-Artificial,IHP1_NCTP1,anomaly_free_fp_count,,0,6
subgroup11,NAB,NAB-Artificial,IHP1_NCTP1,anomaly_free_mean_excess,,0,6
subgroup11,NAB,NAB-Artificial,IHP1_NCTP1,anomaly_free_score_p95,,0,6
subgroup11,NAB,NAB-Artificial,CTRL_CLS_LEGACY,f1_max,0.875,6,6
subgroup11,NAB,NAB-Artificial,CTRL_CLS_LEGACY,auprc,0.6271875451981863,6,6
subgroup11,NAB,NAB-Artificial,CTRL_CLS_LEGACY,vus_pr,0.8239135846012235,6,6
subgroup11,NAB,NAB-Artificial,CTRL_CLS_LEGACY,anomaly_free_fp_rate,,0,6
subgroup11,NAB,NAB-Artificial,CTRL_CLS_LEGACY,anomaly_free_fp_count,,0,6
subgroup11,NAB,NAB-Artificial,CTRL_CLS_LEGACY,anomaly_free_mean_excess,,0,6
subgroup11,NAB,NAB-Artificial,CTRL_CLS_LEGACY,anomaly_free_score_p95,,0,6
subgroup11,NAB,NAB-Artificial,CTRL_CLS_NATIVE_W240,f1_max,0.875,6,6
subgroup11,NAB,NAB-Artificial,CTRL_CLS_NATIVE_W240,auprc,0.6277450824302276,6,6
subgroup11,NAB,NAB-Artificial,CTRL_CLS_NATIVE_W240,vus_pr,0.8245391402116228,6,6
subgroup11,NAB,NAB-Artificial,CTRL_CLS_NATIVE_W240,anomaly_free_fp_rate,,0,6
subgroup11,NAB,NAB-Artificial,CTRL_CLS_NATIVE_W240,anomaly_free_fp_count,,0,6
subgroup11,NAB,NAB-Artificial,CTRL_CLS_NATIVE_W240,anomaly_free_mean_excess,,0,6
subgroup11,NAB,NAB-Artificial,CTRL_CLS_NATIVE_W240,anomaly_free_score_p95,,0,6
subgroup11,NAB,NAB-Artificial,CTRL_PATCH_MEAN_NATIVE_W240,f1_max,0.9,6,6
subgroup11,NAB,NAB-Artificial,CTRL_PATCH_MEAN_NATIVE_W240,auprc,0.7999203183196242,6,6
subgroup11,NAB,NAB-Artificial,CTRL_PATCH_MEAN_NATIVE_W240,vus_pr,0.8689566163659356,6,6
subgroup11,NAB,NAB-Artificial,CTRL_PATCH_MEAN_NATIVE_W240,anomaly_free_fp_rate,,0,6
subgroup11,NAB,NAB-Artificial,CTRL_PATCH_MEAN_NATIVE_W240,anomaly_free_fp_count,,0,6
subgroup11,NAB,NAB-Artificial,CTRL_PATCH_MEAN_NATIVE_W240,anomaly_free_mean_excess,,0,6
subgroup11,NAB,NAB-Artificial,CTRL_PATCH_MEAN_NATIVE_W240,anomaly_free_score_p95,,0,6
subgroup11,NAB,NAB-Traffic,FINAL_DEFAULT,f1_max,0.8081632653061224,7,7
subgroup11,NAB,NAB-Traffic,FINAL_DEFAULT,auprc,0.5522219284812124,7,7
subgroup11,NAB,NAB-Traffic,FINAL_DEFAULT,vus_pr,0.7683353143162233,7,7
subgroup11,NAB,NAB-Traffic,FINAL_DEFAULT,anomaly_free_fp_rate,,0,7
subgroup11,NAB,NAB-Traffic,FINAL_DEFAULT,anomaly_free_fp_count,,0,7
subgroup11,NAB,NAB-Traffic,FINAL_DEFAULT,anomaly_free_mean_excess,,0,7
subgroup11,NAB,NAB-Traffic,FINAL_DEFAULT,anomaly_free_score_p95,,0,7
subgroup11,NAB,NAB-Traffic,MATCH_FINAL_POSITION,f1_max,0.7555555555555555,7,7
subgroup11,NAB,NAB-Traffic,MATCH_FINAL_POSITION,auprc,0.5162376515428293,7,7
subgroup11,NAB,NAB-Traffic,MATCH_FINAL_POSITION,vus_pr,0.7291413654015804,7,7
subgroup11,NAB,NAB-Traffic,MATCH_FINAL_POSITION,anomaly_free_fp_rate,,0,7
subgroup11,NAB,NAB-Traffic,MATCH_FINAL_POSITION,anomaly_free_fp_count,,0,7
subgroup11,NAB,NAB-Traffic,MATCH_FINAL_POSITION,anomaly_free_mean_excess,,0,7
subgroup11,NAB,NAB-Traffic,MATCH_FINAL_POSITION,anomaly_free_score_p95,,0,7
subgroup11,NAB,NAB-Traffic,MATCH_FINAL_ROW,f1_max,0.7257575757575757,7,7
subgroup11,NAB,NAB-Traffic,MATCH_FINAL_ROW,auprc,0.5274722433767469,7,7
subgroup11,NAB,NAB-Traffic,MATCH_FINAL_ROW,vus_pr,0.7496742866031513,7,7
subgroup11,NAB,NAB-Traffic,MATCH_FINAL_ROW,anomaly_free_fp_rate,,0,7
subgroup11,NAB,NAB-Traffic,MATCH_FINAL_ROW,anomaly_free_fp_count,,0,7
subgroup11,NAB,NAB-Traffic,MATCH_FINAL_ROW,anomaly_free_mean_excess,,0,7
subgroup11,NAB,NAB-Traffic,MATCH_FINAL_ROW,anomaly_free_score_p95,,0,7
subgroup11,NAB,NAB-Traffic,SCALE_P,f1_max,0.7911770768913626,7,7
subgroup11,NAB,NAB-Traffic,SCALE_P,auprc,0.49965824243751994,7,7
subgroup11,NAB,NAB-Traffic,SCALE_P,vus_pr,0.731556959995849,7,7
subgroup11,NAB,NAB-Traffic,SCALE_P,anomaly_free_fp_rate,,0,7
subgroup11,NAB,NAB-Traffic,SCALE_P,anomaly_free_fp_count,,0,7
subgroup11,NAB,NAB-Traffic,SCALE_P,anomaly_free_mean_excess,,0,7
subgroup11,NAB,NAB-Traffic,SCALE_P,anomaly_free_score_p95,,0,7
subgroup11,NAB,NAB-Traffic,IHP0_NCTP0,f1_max,0.6880952380952381,7,7
subgroup11,NAB,NAB-Traffic,IHP0_NCTP0,auprc,0.48141997749536614,7,7
subgroup11,NAB,NAB-Traffic,IHP0_NCTP0,vus_pr,0.7196730941702946,7,7
subgroup11,NAB,NAB-Traffic,IHP0_NCTP0,anomaly_free_fp_rate,,0,7
subgroup11,NAB,NAB-Traffic,IHP0_NCTP0,anomaly_free_fp_count,,0,7
subgroup11,NAB,NAB-Traffic,IHP0_NCTP0,anomaly_free_mean_excess,,0,7
subgroup11,NAB,NAB-Traffic,IHP0_NCTP0,anomaly_free_score_p95,,0,7
subgroup11,NAB,NAB-Traffic,IHP1_NCTP0,f1_max,0.7793650793650794,7,7
subgroup11,NAB,NAB-Traffic,IHP1_NCTP0,auprc,0.5000201728950019,7,7
subgroup11,NAB,NAB-Traffic,IHP1_NCTP0,vus_pr,0.7344839145653864,7,7
subgroup11,NAB,NAB-Traffic,IHP1_NCTP0,anomaly_free_fp_rate,,0,7
subgroup11,NAB,NAB-Traffic,IHP1_NCTP0,anomaly_free_fp_count,,0,7
subgroup11,NAB,NAB-Traffic,IHP1_NCTP0,anomaly_free_mean_excess,,0,7
subgroup11,NAB,NAB-Traffic,IHP1_NCTP0,anomaly_free_score_p95,,0,7
subgroup11,NAB,NAB-Traffic,IHP0_NCTP1,f1_max,0.7605442176870748,7,7
subgroup11,NAB,NAB-Traffic,IHP0_NCTP1,auprc,0.5575181234167718,7,7
subgroup11,NAB,NAB-Traffic,IHP0_NCTP1,vus_pr,0.7709855024008433,7,7
subgroup11,NAB,NAB-Traffic,IHP0_NCTP1,anomaly_free_fp_rate,,0,7
subgroup11,NAB,NAB-Traffic,IHP0_NCTP1,anomaly_free_fp_count,,0,7
subgroup11,NAB,NAB-Traffic,IHP0_NCTP1,anomaly_free_mean_excess,,0,7
subgroup11,NAB,NAB-Traffic,IHP0_NCTP1,anomaly_free_score_p95,,0,7
subgroup11,NAB,NAB-Traffic,IHP1_NCTP1,f1_max,0.8081632653061224,7,7
subgroup11,NAB,NAB-Traffic,IHP1_NCTP1,auprc,0.5522219284812124,7,7
subgroup11,NAB,NAB-Traffic,IHP1_NCTP1,vus_pr,0.7683353143162233,7,7
subgroup11,NAB,NAB-Traffic,IHP1_NCTP1,anomaly_free_fp_rate,,0,7
subgroup11,NAB,NAB-Traffic,IHP1_NCTP1,anomaly_free_fp_count,,0,7
subgroup11,NAB,NAB-Traffic,IHP1_NCTP1,anomaly_free_mean_excess,,0,7
subgroup11,NAB,NAB-Traffic,IHP1_NCTP1,anomaly_free_score_p95,,0,7
subgroup11,NAB,NAB-Traffic,CTRL_CLS_LEGACY,f1_max,0.6625850340136054,7,7
subgroup11,NAB,NAB-Traffic,CTRL_CLS_LEGACY,auprc,0.5529552322669947,7,7
subgroup11,NAB,NAB-Traffic,CTRL_CLS_LEGACY,vus_pr,0.8569833799733387,7,7
subgroup11,NAB,NAB-Traffic,CTRL_CLS_LEGACY,anomaly_free_fp_rate,,0,7
subgroup11,NAB,NAB-Traffic,CTRL_CLS_LEGACY,anomaly_free_fp_count,,0,7
subgroup11,NAB,NAB-Traffic,CTRL_CLS_LEGACY,anomaly_free_mean_excess,,0,7
subgroup11,NAB,NAB-Traffic,CTRL_CLS_LEGACY,anomaly_free_score_p95,,0,7
subgroup11,NAB,NAB-Traffic,CTRL_CLS_NATIVE_W240,f1_max,0.6625850340136054,7,7
subgroup11,NAB,NAB-Traffic,CTRL_CLS_NATIVE_W240,auprc,0.5527935589746277,7,7
subgroup11,NAB,NAB-Traffic,CTRL_CLS_NATIVE_W240,vus_pr,0.857178138825389,7,7
subgroup11,NAB,NAB-Traffic,CTRL_CLS_NATIVE_W240,anomaly_free_fp_rate,,0,7
subgroup11,NAB,NAB-Traffic,CTRL_CLS_NATIVE_W240,anomaly_free_fp_count,,0,7
subgroup11,NAB,NAB-Traffic,CTRL_CLS_NATIVE_W240,anomaly_free_mean_excess,,0,7
subgroup11,NAB,NAB-Traffic,CTRL_CLS_NATIVE_W240,anomaly_free_score_p95,,0,7
subgroup11,NAB,NAB-Traffic,CTRL_PATCH_MEAN_NATIVE_W240,f1_max,0.4857142857142857,7,7
subgroup11,NAB,NAB-Traffic,CTRL_PATCH_MEAN_NATIVE_W240,auprc,0.4077547008741403,7,7
subgroup11,NAB,NAB-Traffic,CTRL_PATCH_MEAN_NATIVE_W240,vus_pr,0.7819233683697184,7,7
subgroup11,NAB,NAB-Traffic,CTRL_PATCH_MEAN_NATIVE_W240,anomaly_free_fp_rate,,0,7
subgroup11,NAB,NAB-Traffic,CTRL_PATCH_MEAN_NATIVE_W240,anomaly_free_fp_count,,0,7
subgroup11,NAB,NAB-Traffic,CTRL_PATCH_MEAN_NATIVE_W240,anomaly_free_mean_excess,,0,7
subgroup11,NAB,NAB-Traffic,CTRL_PATCH_MEAN_NATIVE_W240,anomaly_free_score_p95,,0,7
subgroup11,NAB,NAB-Tweets,FINAL_DEFAULT,f1_max,0.7108241758241758,10,10
subgroup11,NAB,NAB-Tweets,FINAL_DEFAULT,auprc,0.39581032901503505,10,10
subgroup11,NAB,NAB-Tweets,FINAL_DEFAULT,vus_pr,0.886175789431171,10,10
subgroup11,NAB,NAB-Tweets,FINAL_DEFAULT,anomaly_free_fp_rate,,0,10
subgroup11,NAB,NAB-Tweets,FINAL_DEFAULT,anomaly_free_fp_count,,0,10
subgroup11,NAB,NAB-Tweets,FINAL_DEFAULT,anomaly_free_mean_excess,,0,10
subgroup11,NAB,NAB-Tweets,FINAL_DEFAULT,anomaly_free_score_p95,,0,10
subgroup11,NAB,NAB-Tweets,MATCH_FINAL_POSITION,f1_max,0.7087728937728938,10,10
subgroup11,NAB,NAB-Tweets,MATCH_FINAL_POSITION,auprc,0.374858190976913,10,10
subgroup11,NAB,NAB-Tweets,MATCH_FINAL_POSITION,vus_pr,0.8853295986346896,10,10
subgroup11,NAB,NAB-Tweets,MATCH_FINAL_POSITION,anomaly_free_fp_rate,,0,10
subgroup11,NAB,NAB-Tweets,MATCH_FINAL_POSITION,anomaly_free_fp_count,,0,10
subgroup11,NAB,NAB-Tweets,MATCH_FINAL_POSITION,anomaly_free_mean_excess,,0,10
subgroup11,NAB,NAB-Tweets,MATCH_FINAL_POSITION,anomaly_free_score_p95,,0,10
subgroup11,NAB,NAB-Tweets,MATCH_FINAL_ROW,f1_max,0.7188095238095238,10,10
subgroup11,NAB,NAB-Tweets,MATCH_FINAL_ROW,auprc,0.3854007996824952,10,10
subgroup11,NAB,NAB-Tweets,MATCH_FINAL_ROW,vus_pr,0.8851817668490478,10,10
subgroup11,NAB,NAB-Tweets,MATCH_FINAL_ROW,anomaly_free_fp_rate,,0,10
subgroup11,NAB,NAB-Tweets,MATCH_FINAL_ROW,anomaly_free_fp_count,,0,10
subgroup11,NAB,NAB-Tweets,MATCH_FINAL_ROW,anomaly_free_mean_excess,,0,10
subgroup11,NAB,NAB-Tweets,MATCH_FINAL_ROW,anomaly_free_score_p95,,0,10
subgroup11,NAB,NAB-Tweets,SCALE_P,f1_max,0.6914285714285715,10,10
subgroup11,NAB,NAB-Tweets,SCALE_P,auprc,0.3356929099351162,10,10
subgroup11,NAB,NAB-Tweets,SCALE_P,vus_pr,0.8774326905187901,10,10
subgroup11,NAB,NAB-Tweets,SCALE_P,anomaly_free_fp_rate,,0,10
subgroup11,NAB,NAB-Tweets,SCALE_P,anomaly_free_fp_count,,0,10
subgroup11,NAB,NAB-Tweets,SCALE_P,anomaly_free_mean_excess,,0,10
subgroup11,NAB,NAB-Tweets,SCALE_P,anomaly_free_score_p95,,0,10
subgroup11,NAB,NAB-Tweets,IHP0_NCTP0,f1_max,0.6564790764790764,10,10
subgroup11,NAB,NAB-Tweets,IHP0_NCTP0,auprc,0.29152874699335696,10,10
subgroup11,NAB,NAB-Tweets,IHP0_NCTP0,vus_pr,0.8735020700859518,10,10
subgroup11,NAB,NAB-Tweets,IHP0_NCTP0,anomaly_free_fp_rate,,0,10
subgroup11,NAB,NAB-Tweets,IHP0_NCTP0,anomaly_free_fp_count,,0,10
subgroup11,NAB,NAB-Tweets,IHP0_NCTP0,anomaly_free_mean_excess,,0,10
subgroup11,NAB,NAB-Tweets,IHP0_NCTP0,anomaly_free_score_p95,,0,10
subgroup11,NAB,NAB-Tweets,IHP1_NCTP0,f1_max,0.6477489177489177,10,10
subgroup11,NAB,NAB-Tweets,IHP1_NCTP0,auprc,0.27992680710663675,10,10
subgroup11,NAB,NAB-Tweets,IHP1_NCTP0,vus_pr,0.8717951737776461,10,10
subgroup11,NAB,NAB-Tweets,IHP1_NCTP0,anomaly_free_fp_rate,,0,10
subgroup11,NAB,NAB-Tweets,IHP1_NCTP0,anomaly_free_fp_count,,0,10
subgroup11,NAB,NAB-Tweets,IHP1_NCTP0,anomaly_free_mean_excess,,0,10
subgroup11,NAB,NAB-Tweets,IHP1_NCTP0,anomaly_free_score_p95,,0,10
subgroup11,NAB,NAB-Tweets,IHP0_NCTP1,f1_max,0.6936813186813187,10,10
subgroup11,NAB,NAB-Tweets,IHP0_NCTP1,auprc,0.40973428726356936,10,10
subgroup11,NAB,NAB-Tweets,IHP0_NCTP1,vus_pr,0.8879153185751413,10,10
subgroup11,NAB,NAB-Tweets,IHP0_NCTP1,anomaly_free_fp_rate,,0,10
subgroup11,NAB,NAB-Tweets,IHP0_NCTP1,anomaly_free_fp_count,,0,10
subgroup11,NAB,NAB-Tweets,IHP0_NCTP1,anomaly_free_mean_excess,,0,10
subgroup11,NAB,NAB-Tweets,IHP0_NCTP1,anomaly_free_score_p95,,0,10
subgroup11,NAB,NAB-Tweets,IHP1_NCTP1,f1_max,0.7108241758241758,10,10
subgroup11,NAB,NAB-Tweets,IHP1_NCTP1,auprc,0.39581032901503505,10,10
subgroup11,NAB,NAB-Tweets,IHP1_NCTP1,vus_pr,0.886175789431171,10,10
subgroup11,NAB,NAB-Tweets,IHP1_NCTP1,anomaly_free_fp_rate,,0,10
subgroup11,NAB,NAB-Tweets,IHP1_NCTP1,anomaly_free_fp_count,,0,10
subgroup11,NAB,NAB-Tweets,IHP1_NCTP1,anomaly_free_mean_excess,,0,10
subgroup11,NAB,NAB-Tweets,IHP1_NCTP1,anomaly_free_score_p95,,0,10
subgroup11,NAB,NAB-Tweets,CTRL_CLS_LEGACY,f1_max,0.6404395604395605,10,10
subgroup11,NAB,NAB-Tweets,CTRL_CLS_LEGACY,auprc,0.44231995605706,10,10
subgroup11,NAB,NAB-Tweets,CTRL_CLS_LEGACY,vus_pr,0.8712949359969603,10,10
subgroup11,NAB,NAB-Tweets,CTRL_CLS_LEGACY,anomaly_free_fp_rate,,0,10
subgroup11,NAB,NAB-Tweets,CTRL_CLS_LEGACY,anomaly_free_fp_count,,0,10
subgroup11,NAB,NAB-Tweets,CTRL_CLS_LEGACY,anomaly_free_mean_excess,,0,10
subgroup11,NAB,NAB-Tweets,CTRL_CLS_LEGACY,anomaly_free_score_p95,,0,10
subgroup11,NAB,NAB-Tweets,CTRL_CLS_NATIVE_W240,f1_max,0.6404395604395605,10,10
subgroup11,NAB,NAB-Tweets,CTRL_CLS_NATIVE_W240,auprc,0.4426835384992514,10,10
subgroup11,NAB,NAB-Tweets,CTRL_CLS_NATIVE_W240,vus_pr,0.8713553071193987,10,10
subgroup11,NAB,NAB-Tweets,CTRL_CLS_NATIVE_W240,anomaly_free_fp_rate,,0,10
subgroup11,NAB,NAB-Tweets,CTRL_CLS_NATIVE_W240,anomaly_free_fp_count,,0,10
subgroup11,NAB,NAB-Tweets,CTRL_CLS_NATIVE_W240,anomaly_free_mean_excess,,0,10
subgroup11,NAB,NAB-Tweets,CTRL_CLS_NATIVE_W240,anomaly_free_score_p95,,0,10
subgroup11,NAB,NAB-Tweets,CTRL_PATCH_MEAN_NATIVE_W240,f1_max,0.739069264069264,10,10
subgroup11,NAB,NAB-Tweets,CTRL_PATCH_MEAN_NATIVE_W240,auprc,0.5341726619413609,10,10
subgroup11,NAB,NAB-Tweets,CTRL_PATCH_MEAN_NATIVE_W240,vus_pr,0.893192125558351,10,10
subgroup11,NAB,NAB-Tweets,CTRL_PATCH_MEAN_NATIVE_W240,anomaly_free_fp_rate,,0,10
subgroup11,NAB,NAB-Tweets,CTRL_PATCH_MEAN_NATIVE_W240,anomaly_free_fp_count,,0,10
subgroup11,NAB,NAB-Tweets,CTRL_PATCH_MEAN_NATIVE_W240,anomaly_free_mean_excess,,0,10
subgroup11,NAB,NAB-Tweets,CTRL_PATCH_MEAN_NATIVE_W240,anomaly_free_score_p95,,0,10
subgroup11,NASA,NASA-MSL,FINAL_DEFAULT,f1_max,0.6758490480712702,27,27
subgroup11,NASA,NASA-MSL,FINAL_DEFAULT,auprc,0.5303557398746904,27,27
subgroup11,NASA,NASA-MSL,FINAL_DEFAULT,vus_pr,0.514572460098776,27,27
subgroup11,NASA,NASA-MSL,FINAL_DEFAULT,anomaly_free_fp_rate,,0,27
subgroup11,NASA,NASA-MSL,FINAL_DEFAULT,anomaly_free_fp_count,,0,27
subgroup11,NASA,NASA-MSL,FINAL_DEFAULT,anomaly_free_mean_excess,,0,27
subgroup11,NASA,NASA-MSL,FINAL_DEFAULT,anomaly_free_score_p95,,0,27
subgroup11,NASA,NASA-MSL,MATCH_FINAL_POSITION,f1_max,0.6856929079151302,27,27
subgroup11,NASA,NASA-MSL,MATCH_FINAL_POSITION,auprc,0.49047304945126086,27,27
subgroup11,NASA,NASA-MSL,MATCH_FINAL_POSITION,vus_pr,0.5094056285674496,27,27
subgroup11,NASA,NASA-MSL,MATCH_FINAL_POSITION,anomaly_free_fp_rate,,0,27
subgroup11,NASA,NASA-MSL,MATCH_FINAL_POSITION,anomaly_free_fp_count,,0,27
subgroup11,NASA,NASA-MSL,MATCH_FINAL_POSITION,anomaly_free_mean_excess,,0,27
subgroup11,NASA,NASA-MSL,MATCH_FINAL_POSITION,anomaly_free_score_p95,,0,27
subgroup11,NASA,NASA-MSL,MATCH_FINAL_ROW,f1_max,0.6739431350542461,27,27
subgroup11,NASA,NASA-MSL,MATCH_FINAL_ROW,auprc,0.512429711420267,27,27
subgroup11,NASA,NASA-MSL,MATCH_FINAL_ROW,vus_pr,0.5156577190763011,27,27
subgroup11,NASA,NASA-MSL,MATCH_FINAL_ROW,anomaly_free_fp_rate,,0,27
subgroup11,NASA,NASA-MSL,MATCH_FINAL_ROW,anomaly_free_fp_count,,0,27
subgroup11,NASA,NASA-MSL,MATCH_FINAL_ROW,anomaly_free_mean_excess,,0,27
subgroup11,NASA,NASA-MSL,MATCH_FINAL_ROW,anomaly_free_score_p95,,0,27
subgroup11,NASA,NASA-MSL,SCALE_P,f1_max,0.6706946174976866,27,27
subgroup11,NASA,NASA-MSL,SCALE_P,auprc,0.4630785257091772,27,27
subgroup11,NASA,NASA-MSL,SCALE_P,vus_pr,0.5018823305418605,27,27
subgroup11,NASA,NASA-MSL,SCALE_P,anomaly_free_fp_rate,,0,27
subgroup11,NASA,NASA-MSL,SCALE_P,anomaly_free_fp_count,,0,27
subgroup11,NASA,NASA-MSL,SCALE_P,anomaly_free_mean_excess,,0,27
subgroup11,NASA,NASA-MSL,SCALE_P,anomaly_free_score_p95,,0,27
subgroup11,NASA,NASA-MSL,IHP0_NCTP0,f1_max,0.6922022422022421,27,27
subgroup11,NASA,NASA-MSL,IHP0_NCTP0,auprc,0.4280096413782715,27,27
subgroup11,NASA,NASA-MSL,IHP0_NCTP0,vus_pr,0.5120092870689912,27,27
subgroup11,NASA,NASA-MSL,IHP0_NCTP0,anomaly_free_fp_rate,,0,27
subgroup11,NASA,NASA-MSL,IHP0_NCTP0,anomaly_free_fp_count,,0,27
subgroup11,NASA,NASA-MSL,IHP0_NCTP0,anomaly_free_mean_excess,,0,27
subgroup11,NASA,NASA-MSL,IHP0_NCTP0,anomaly_free_score_p95,,0,27
subgroup11,NASA,NASA-MSL,IHP1_NCTP0,f1_max,0.6844412788857234,27,27
subgroup11,NASA,NASA-MSL,IHP1_NCTP0,auprc,0.45297508958557875,27,27
subgroup11,NASA,NASA-MSL,IHP1_NCTP0,vus_pr,0.5112546455747548,27,27
subgroup11,NASA,NASA-MSL,IHP1_NCTP0,anomaly_free_fp_rate,,0,27
subgroup11,NASA,NASA-MSL,IHP1_NCTP0,anomaly_free_fp_count,,0,27
subgroup11,NASA,NASA-MSL,IHP1_NCTP0,anomaly_free_mean_excess,,0,27
subgroup11,NASA,NASA-MSL,IHP1_NCTP0,anomaly_free_score_p95,,0,27
subgroup11,NASA,NASA-MSL,IHP0_NCTP1,f1_max,0.7160414688192467,27,27
subgroup11,NASA,NASA-MSL,IHP0_NCTP1,auprc,0.5015746086013254,27,27
subgroup11,NASA,NASA-MSL,IHP0_NCTP1,vus_pr,0.5079760858428364,27,27
subgroup11,NASA,NASA-MSL,IHP0_NCTP1,anomaly_free_fp_rate,,0,27
subgroup11,NASA,NASA-MSL,IHP0_NCTP1,anomaly_free_fp_count,,0,27
subgroup11,NASA,NASA-MSL,IHP0_NCTP1,anomaly_free_mean_excess,,0,27
subgroup11,NASA,NASA-MSL,IHP0_NCTP1,anomaly_free_score_p95,,0,27
subgroup11,NASA,NASA-MSL,IHP1_NCTP1,f1_max,0.6758490480712702,27,27
subgroup11,NASA,NASA-MSL,IHP1_NCTP1,auprc,0.5303557398746904,27,27
subgroup11,NASA,NASA-MSL,IHP1_NCTP1,vus_pr,0.514572460098776,27,27
subgroup11,NASA,NASA-MSL,IHP1_NCTP1,anomaly_free_fp_rate,,0,27
subgroup11,NASA,NASA-MSL,IHP1_NCTP1,anomaly_free_fp_count,,0,27
subgroup11,NASA,NASA-MSL,IHP1_NCTP1,anomaly_free_mean_excess,,0,27
subgroup11,NASA,NASA-MSL,IHP1_NCTP1,anomaly_free_score_p95,,0,27
subgroup11,NASA,NASA-MSL,CTRL_CLS_LEGACY,f1_max,0.5033509700176366,27,27
subgroup11,NASA,NASA-MSL,CTRL_CLS_LEGACY,auprc,0.2988034780598819,27,27
subgroup11,NASA,NASA-MSL,CTRL_CLS_LEGACY,vus_pr,0.5258920118696316,27,27
subgroup11,NASA,NASA-MSL,CTRL_CLS_LEGACY,anomaly_free_fp_rate,,0,27
subgroup11,NASA,NASA-MSL,CTRL_CLS_LEGACY,anomaly_free_fp_count,,0,27
subgroup11,NASA,NASA-MSL,CTRL_CLS_LEGACY,anomaly_free_mean_excess,,0,27
subgroup11,NASA,NASA-MSL,CTRL_CLS_LEGACY,anomaly_free_score_p95,,0,27
subgroup11,NASA,NASA-MSL,CTRL_CLS_NATIVE_W240,f1_max,0.5033509700176366,27,27
subgroup11,NASA,NASA-MSL,CTRL_CLS_NATIVE_W240,auprc,0.2989411011706698,27,27
subgroup11,NASA,NASA-MSL,CTRL_CLS_NATIVE_W240,vus_pr,0.5267072918402872,27,27
subgroup11,NASA,NASA-MSL,CTRL_CLS_NATIVE_W240,anomaly_free_fp_rate,,0,27
subgroup11,NASA,NASA-MSL,CTRL_CLS_NATIVE_W240,anomaly_free_fp_count,,0,27
subgroup11,NASA,NASA-MSL,CTRL_CLS_NATIVE_W240,anomaly_free_mean_excess,,0,27
subgroup11,NASA,NASA-MSL,CTRL_CLS_NATIVE_W240,anomaly_free_score_p95,,0,27
subgroup11,NASA,NASA-MSL,CTRL_PATCH_MEAN_NATIVE_W240,f1_max,0.5823633156966489,27,27
subgroup11,NASA,NASA-MSL,CTRL_PATCH_MEAN_NATIVE_W240,auprc,0.37870476859624586,27,27
subgroup11,NASA,NASA-MSL,CTRL_PATCH_MEAN_NATIVE_W240,vus_pr,0.5677080728798167,27,27
subgroup11,NASA,NASA-MSL,CTRL_PATCH_MEAN_NATIVE_W240,anomaly_free_fp_rate,,0,27
subgroup11,NASA,NASA-MSL,CTRL_PATCH_MEAN_NATIVE_W240,anomaly_free_fp_count,,0,27
subgroup11,NASA,NASA-MSL,CTRL_PATCH_MEAN_NATIVE_W240,anomaly_free_mean_excess,,0,27
subgroup11,NASA,NASA-MSL,CTRL_PATCH_MEAN_NATIVE_W240,anomaly_free_score_p95,,0,27
subgroup11,NASA,NASA-SMAP,FINAL_DEFAULT,f1_max,0.7653795805195682,53,53
subgroup11,NASA,NASA-SMAP,FINAL_DEFAULT,auprc,0.5871155779643968,53,53
subgroup11,NASA,NASA-SMAP,FINAL_DEFAULT,vus_pr,0.47931304602724784,53,53
subgroup11,NASA,NASA-SMAP,FINAL_DEFAULT,anomaly_free_fp_rate,,0,53
subgroup11,NASA,NASA-SMAP,FINAL_DEFAULT,anomaly_free_fp_count,,0,53
subgroup11,NASA,NASA-SMAP,FINAL_DEFAULT,anomaly_free_mean_excess,,0,53
subgroup11,NASA,NASA-SMAP,FINAL_DEFAULT,anomaly_free_score_p95,,0,53
subgroup11,NASA,NASA-SMAP,MATCH_FINAL_POSITION,f1_max,0.7782528225924453,53,53
subgroup11,NASA,NASA-SMAP,MATCH_FINAL_POSITION,auprc,0.5431557401549922,53,53
subgroup11,NASA,NASA-SMAP,MATCH_FINAL_POSITION,vus_pr,0.45025891663742396,53,53
subgroup11,NASA,NASA-SMAP,MATCH_FINAL_POSITION,anomaly_free_fp_rate,,0,53
subgroup11,NASA,NASA-SMAP,MATCH_FINAL_POSITION,anomaly_free_fp_count,,0,53
subgroup11,NASA,NASA-SMAP,MATCH_FINAL_POSITION,anomaly_free_mean_excess,,0,53
subgroup11,NASA,NASA-SMAP,MATCH_FINAL_POSITION,anomaly_free_score_p95,,0,53
subgroup11,NASA,NASA-SMAP,MATCH_FINAL_ROW,f1_max,0.7763701707097933,53,53
subgroup11,NASA,NASA-SMAP,MATCH_FINAL_ROW,auprc,0.5700869862365388,53,53
subgroup11,NASA,NASA-SMAP,MATCH_FINAL_ROW,vus_pr,0.46917163669728096,53,53
subgroup11,NASA,NASA-SMAP,MATCH_FINAL_ROW,anomaly_free_fp_rate,,0,53
subgroup11,NASA,NASA-SMAP,MATCH_FINAL_ROW,anomaly_free_fp_count,,0,53
subgroup11,NASA,NASA-SMAP,MATCH_FINAL_ROW,anomaly_free_mean_excess,,0,53
subgroup11,NASA,NASA-SMAP,MATCH_FINAL_ROW,anomaly_free_score_p95,,0,53
subgroup11,NASA,NASA-SMAP,SCALE_P,f1_max,0.7070425962685042,53,53
subgroup11,NASA,NASA-SMAP,SCALE_P,auprc,0.4739653816250065,53,53
subgroup11,NASA,NASA-SMAP,SCALE_P,vus_pr,0.4275366903680392,53,53
subgroup11,NASA,NASA-SMAP,SCALE_P,anomaly_free_fp_rate,,0,53
subgroup11,NASA,NASA-SMAP,SCALE_P,anomaly_free_fp_count,,0,53
subgroup11,NASA,NASA-SMAP,SCALE_P,anomaly_free_mean_excess,,0,53
subgroup11,NASA,NASA-SMAP,SCALE_P,anomaly_free_score_p95,,0,53
subgroup11,NASA,NASA-SMAP,IHP0_NCTP0,f1_max,0.7777866787300749,53,53
subgroup11,NASA,NASA-SMAP,IHP0_NCTP0,auprc,0.549599471836038,53,53
subgroup11,NASA,NASA-SMAP,IHP0_NCTP0,vus_pr,0.4586876381916416,53,53
subgroup11,NASA,NASA-SMAP,IHP0_NCTP0,anomaly_free_fp_rate,,0,53
subgroup11,NASA,NASA-SMAP,IHP0_NCTP0,anomaly_free_fp_count,,0,53
subgroup11,NASA,NASA-SMAP,IHP0_NCTP0,anomaly_free_mean_excess,,0,53
subgroup11,NASA,NASA-SMAP,IHP0_NCTP0,anomaly_free_score_p95,,0,53
subgroup11,NASA,NASA-SMAP,IHP1_NCTP0,f1_max,0.7603693233697836,53,53
subgroup11,NASA,NASA-SMAP,IHP1_NCTP0,auprc,0.563676285982068,53,53
subgroup11,NASA,NASA-SMAP,IHP1_NCTP0,vus_pr,0.4527856948489582,53,53
subgroup11,NASA,NASA-SMAP,IHP1_NCTP0,anomaly_free_fp_rate,,0,53
subgroup11,NASA,NASA-SMAP,IHP1_NCTP0,anomaly_free_fp_count,,0,53
subgroup11,NASA,NASA-SMAP,IHP1_NCTP0,anomaly_free_mean_excess,,0,53
subgroup11,NASA,NASA-SMAP,IHP1_NCTP0,anomaly_free_score_p95,,0,53
subgroup11,NASA,NASA-SMAP,IHP0_NCTP1,f1_max,0.7736360345069965,53,53
subgroup11,NASA,NASA-SMAP,IHP0_NCTP1,auprc,0.5753442509410831,53,53
subgroup11,NASA,NASA-SMAP,IHP0_NCTP1,vus_pr,0.48342238499020596,53,53
subgroup11,NASA,NASA-SMAP,IHP0_NCTP1,anomaly_free_fp_rate,,0,53
subgroup11,NASA,NASA-SMAP,IHP0_NCTP1,anomaly_free_fp_count,,0,53
subgroup11,NASA,NASA-SMAP,IHP0_NCTP1,anomaly_free_mean_excess,,0,53
subgroup11,NASA,NASA-SMAP,IHP0_NCTP1,anomaly_free_score_p95,,0,53
subgroup11,NASA,NASA-SMAP,IHP1_NCTP1,f1_max,0.7653795805195682,53,53
subgroup11,NASA,NASA-SMAP,IHP1_NCTP1,auprc,0.5871155779643968,53,53
subgroup11,NASA,NASA-SMAP,IHP1_NCTP1,vus_pr,0.47931304602724784,53,53
subgroup11,NASA,NASA-SMAP,IHP1_NCTP1,anomaly_free_fp_rate,,0,53
subgroup11,NASA,NASA-SMAP,IHP1_NCTP1,anomaly_free_fp_count,,0,53
subgroup11,NASA,NASA-SMAP,IHP1_NCTP1,anomaly_free_mean_excess,,0,53
subgroup11,NASA,NASA-SMAP,IHP1_NCTP1,anomaly_free_score_p95,,0,53
subgroup11,NASA,NASA-SMAP,CTRL_CLS_LEGACY,f1_max,0.711141060197664,53,53
subgroup11,NASA,NASA-SMAP,CTRL_CLS_LEGACY,auprc,0.5066192351917267,53,53
subgroup11,NASA,NASA-SMAP,CTRL_CLS_LEGACY,vus_pr,0.4876136089499445,53,53
subgroup11,NASA,NASA-SMAP,CTRL_CLS_LEGACY,anomaly_free_fp_rate,,0,53
subgroup11,NASA,NASA-SMAP,CTRL_CLS_LEGACY,anomaly_free_fp_count,,0,53
subgroup11,NASA,NASA-SMAP,CTRL_CLS_LEGACY,anomaly_free_mean_excess,,0,53
subgroup11,NASA,NASA-SMAP,CTRL_CLS_LEGACY,anomaly_free_score_p95,,0,53
subgroup11,NASA,NASA-SMAP,CTRL_CLS_NATIVE_W240,f1_max,0.711141060197664,53,53
subgroup11,NASA,NASA-SMAP,CTRL_CLS_NATIVE_W240,auprc,0.5059587125907221,53,53
subgroup11,NASA,NASA-SMAP,CTRL_CLS_NATIVE_W240,vus_pr,0.487931309577876,53,53
subgroup11,NASA,NASA-SMAP,CTRL_CLS_NATIVE_W240,anomaly_free_fp_rate,,0,53
subgroup11,NASA,NASA-SMAP,CTRL_CLS_NATIVE_W240,anomaly_free_fp_count,,0,53
subgroup11,NASA,NASA-SMAP,CTRL_CLS_NATIVE_W240,anomaly_free_mean_excess,,0,53
subgroup11,NASA,NASA-SMAP,CTRL_CLS_NATIVE_W240,anomaly_free_score_p95,,0,53
subgroup11,NASA,NASA-SMAP,CTRL_PATCH_MEAN_NATIVE_W240,f1_max,0.7624438454627133,53,53
subgroup11,NASA,NASA-SMAP,CTRL_PATCH_MEAN_NATIVE_W240,auprc,0.5813105786002631,53,53
subgroup11,NASA,NASA-SMAP,CTRL_PATCH_MEAN_NATIVE_W240,vus_pr,0.5021383115713901,53,53
subgroup11,NASA,NASA-SMAP,CTRL_PATCH_MEAN_NATIVE_W240,anomaly_free_fp_rate,,0,53
subgroup11,NASA,NASA-SMAP,CTRL_PATCH_MEAN_NATIVE_W240,anomaly_free_fp_count,,0,53
subgroup11,NASA,NASA-SMAP,CTRL_PATCH_MEAN_NATIVE_W240,anomaly_free_mean_excess,,0,53
subgroup11,NASA,NASA-SMAP,CTRL_PATCH_MEAN_NATIVE_W240,anomaly_free_score_p95,,0,53
subgroup11,Yahoo,Yahoo-A1,FINAL_DEFAULT,f1_max,0.6932449494949495,64,67
subgroup11,Yahoo,Yahoo-A1,FINAL_DEFAULT,auprc,0.24925575129323393,64,67
subgroup11,Yahoo,Yahoo-A1,FINAL_DEFAULT,vus_pr,0.7427173881273224,64,67
subgroup11,Yahoo,Yahoo-A1,FINAL_DEFAULT,anomaly_free_fp_rate,1.0,3,67
subgroup11,Yahoo,Yahoo-A1,FINAL_DEFAULT,anomaly_free_fp_count,1430.3333333333333,3,67
subgroup11,Yahoo,Yahoo-A1,FINAL_DEFAULT,anomaly_free_mean_excess,0.030320254347177802,3,67
subgroup11,Yahoo,Yahoo-A1,FINAL_DEFAULT,anomaly_free_score_p95,0.036874314027691334,3,67
subgroup11,Yahoo,Yahoo-A1,MATCH_FINAL_POSITION,f1_max,0.6442906052281052,64,67
subgroup11,Yahoo,Yahoo-A1,MATCH_FINAL_POSITION,auprc,0.22376753852636322,64,67
subgroup11,Yahoo,Yahoo-A1,MATCH_FINAL_POSITION,vus_pr,0.7128406554221627,64,67
subgroup11,Yahoo,Yahoo-A1,MATCH_FINAL_POSITION,anomaly_free_fp_rate,1.0,3,67
subgroup11,Yahoo,Yahoo-A1,MATCH_FINAL_POSITION,anomaly_free_fp_count,1430.3333333333333,3,67
subgroup11,Yahoo,Yahoo-A1,MATCH_FINAL_POSITION,anomaly_free_mean_excess,0.04371393184550693,3,67
subgroup11,Yahoo,Yahoo-A1,MATCH_FINAL_POSITION,anomaly_free_score_p95,0.06319490187314364,3,67
subgroup11,Yahoo,Yahoo-A1,MATCH_FINAL_ROW,f1_max,0.6498320256132757,64,67
subgroup11,Yahoo,Yahoo-A1,MATCH_FINAL_ROW,auprc,0.2576204945317917,64,67
subgroup11,Yahoo,Yahoo-A1,MATCH_FINAL_ROW,vus_pr,0.7266427397351809,64,67
subgroup11,Yahoo,Yahoo-A1,MATCH_FINAL_ROW,anomaly_free_fp_rate,1.0,3,67
subgroup11,Yahoo,Yahoo-A1,MATCH_FINAL_ROW,anomaly_free_fp_count,1430.3333333333333,3,67
subgroup11,Yahoo,Yahoo-A1,MATCH_FINAL_ROW,anomaly_free_mean_excess,0.03785640999597193,3,67
subgroup11,Yahoo,Yahoo-A1,MATCH_FINAL_ROW,anomaly_free_score_p95,0.054076784117386624,3,67
subgroup11,Yahoo,Yahoo-A1,SCALE_P,f1_max,0.6817615544178044,64,67
subgroup11,Yahoo,Yahoo-A1,SCALE_P,auprc,0.2361561634176229,64,67
subgroup11,Yahoo,Yahoo-A1,SCALE_P,vus_pr,0.732769110035463,64,67
subgroup11,Yahoo,Yahoo-A1,SCALE_P,anomaly_free_fp_rate,1.0,3,67
subgroup11,Yahoo,Yahoo-A1,SCALE_P,anomaly_free_fp_count,1430.3333333333333,3,67
subgroup11,Yahoo,Yahoo-A1,SCALE_P,anomaly_free_mean_excess,0.05015770261964853,3,67
subgroup11,Yahoo,Yahoo-A1,SCALE_P,anomaly_free_score_p95,0.061623477687438276,3,67
subgroup11,Yahoo,Yahoo-A1,IHP0_NCTP0,f1_max,0.6577657585470085,64,67
subgroup11,Yahoo,Yahoo-A1,IHP0_NCTP0,auprc,0.26295771179434313,64,67
subgroup11,Yahoo,Yahoo-A1,IHP0_NCTP0,vus_pr,0.6870844557637336,64,67
subgroup11,Yahoo,Yahoo-A1,IHP0_NCTP0,anomaly_free_fp_rate,1.0,3,67
subgroup11,Yahoo,Yahoo-A1,IHP0_NCTP0,anomaly_free_fp_count,1430.3333333333333,3,67
subgroup11,Yahoo,Yahoo-A1,IHP0_NCTP0,anomaly_free_mean_excess,0.03990350644817176,3,67
subgroup11,Yahoo,Yahoo-A1,IHP0_NCTP0,anomaly_free_score_p95,0.04755884048439776,3,67
subgroup11,Yahoo,Yahoo-A1,IHP1_NCTP0,f1_max,0.6877277236652236,64,67
subgroup11,Yahoo,Yahoo-A1,IHP1_NCTP0,auprc,0.3433475207678132,64,67
subgroup11,Yahoo,Yahoo-A1,IHP1_NCTP0,vus_pr,0.7256469888025188,64,67
subgroup11,Yahoo,Yahoo-A1,IHP1_NCTP0,anomaly_free_fp_rate,1.0,3,67
subgroup11,Yahoo,Yahoo-A1,IHP1_NCTP0,anomaly_free_fp_count,1430.3333333333333,3,67
subgroup11,Yahoo,Yahoo-A1,IHP1_NCTP0,anomaly_free_mean_excess,0.0401743314677083,3,67
subgroup11,Yahoo,Yahoo-A1,IHP1_NCTP0,anomaly_free_score_p95,0.0483828900619497,3,67
subgroup11,Yahoo,Yahoo-A1,IHP0_NCTP1,f1_max,0.6713532127594628,64,67
subgroup11,Yahoo,Yahoo-A1,IHP0_NCTP1,auprc,0.21861646591131811,64,67
subgroup11,Yahoo,Yahoo-A1,IHP0_NCTP1,vus_pr,0.7000360407908857,64,67
subgroup11,Yahoo,Yahoo-A1,IHP0_NCTP1,anomaly_free_fp_rate,1.0,3,67
subgroup11,Yahoo,Yahoo-A1,IHP0_NCTP1,anomaly_free_fp_count,1430.3333333333333,3,67
subgroup11,Yahoo,Yahoo-A1,IHP0_NCTP1,anomaly_free_mean_excess,0.030208681150859867,3,67
subgroup11,Yahoo,Yahoo-A1,IHP0_NCTP1,anomaly_free_score_p95,0.03631841388857903,3,67
subgroup11,Yahoo,Yahoo-A1,IHP1_NCTP1,f1_max,0.6932449494949495,64,67
subgroup11,Yahoo,Yahoo-A1,IHP1_NCTP1,auprc,0.24925575129323393,64,67
subgroup11,Yahoo,Yahoo-A1,IHP1_NCTP1,vus_pr,0.7427173881273224,64,67
subgroup11,Yahoo,Yahoo-A1,IHP1_NCTP1,anomaly_free_fp_rate,1.0,3,67
subgroup11,Yahoo,Yahoo-A1,IHP1_NCTP1,anomaly_free_fp_count,1430.3333333333333,3,67
subgroup11,Yahoo,Yahoo-A1,IHP1_NCTP1,anomaly_free_mean_excess,0.030320254347177802,3,67
subgroup11,Yahoo,Yahoo-A1,IHP1_NCTP1,anomaly_free_score_p95,0.036874314027691334,3,67
subgroup11,Yahoo,Yahoo-A1,CTRL_CLS_LEGACY,f1_max,0.5571822478991597,64,67
subgroup11,Yahoo,Yahoo-A1,CTRL_CLS_LEGACY,auprc,0.11957380666928809,64,67
subgroup11,Yahoo,Yahoo-A1,CTRL_CLS_LEGACY,vus_pr,0.7300904036136239,64,67
subgroup11,Yahoo,Yahoo-A1,CTRL_CLS_LEGACY,anomaly_free_fp_rate,1.0,3,67
subgroup11,Yahoo,Yahoo-A1,CTRL_CLS_LEGACY,anomaly_free_fp_count,1430.3333333333333,3,67
subgroup11,Yahoo,Yahoo-A1,CTRL_CLS_LEGACY,anomaly_free_mean_excess,0.0031169876503052,3,67
subgroup11,Yahoo,Yahoo-A1,CTRL_CLS_LEGACY,anomaly_free_score_p95,0.006007569531599633,3,67
subgroup11,Yahoo,Yahoo-A1,CTRL_CLS_NATIVE_W240,f1_max,0.5571822478991597,64,67
subgroup11,Yahoo,Yahoo-A1,CTRL_CLS_NATIVE_W240,auprc,0.11912653383202848,64,67
subgroup11,Yahoo,Yahoo-A1,CTRL_CLS_NATIVE_W240,vus_pr,0.7301830849501327,64,67
subgroup11,Yahoo,Yahoo-A1,CTRL_CLS_NATIVE_W240,anomaly_free_fp_rate,1.0,3,67
subgroup11,Yahoo,Yahoo-A1,CTRL_CLS_NATIVE_W240,anomaly_free_fp_count,1430.3333333333333,3,67
subgroup11,Yahoo,Yahoo-A1,CTRL_CLS_NATIVE_W240,anomaly_free_mean_excess,0.003117073888783,3,67
subgroup11,Yahoo,Yahoo-A1,CTRL_CLS_NATIVE_W240,anomaly_free_score_p95,0.006007569531599633,3,67
subgroup11,Yahoo,Yahoo-A1,CTRL_PATCH_MEAN_NATIVE_W240,f1_max,0.5507090336134454,64,67
subgroup11,Yahoo,Yahoo-A1,CTRL_PATCH_MEAN_NATIVE_W240,auprc,0.10926192702821336,64,67
subgroup11,Yahoo,Yahoo-A1,CTRL_PATCH_MEAN_NATIVE_W240,vus_pr,0.7114900573385657,64,67
subgroup11,Yahoo,Yahoo-A1,CTRL_PATCH_MEAN_NATIVE_W240,anomaly_free_fp_rate,1.0,3,67
subgroup11,Yahoo,Yahoo-A1,CTRL_PATCH_MEAN_NATIVE_W240,anomaly_free_fp_count,1430.3333333333333,3,67
subgroup11,Yahoo,Yahoo-A1,CTRL_PATCH_MEAN_NATIVE_W240,anomaly_free_mean_excess,0.005032095101018001,3,67
subgroup11,Yahoo,Yahoo-A1,CTRL_PATCH_MEAN_NATIVE_W240,anomaly_free_score_p95,0.009087016185124667,3,67
subgroup11,Yahoo,Yahoo-A2,FINAL_DEFAULT,f1_max,0.9528888888888889,100,100
subgroup11,Yahoo,Yahoo-A2,FINAL_DEFAULT,auprc,0.20384168244913883,100,100
subgroup11,Yahoo,Yahoo-A2,FINAL_DEFAULT,vus_pr,0.7436418996071334,100,100
subgroup11,Yahoo,Yahoo-A2,FINAL_DEFAULT,anomaly_free_fp_rate,,0,100
subgroup11,Yahoo,Yahoo-A2,FINAL_DEFAULT,anomaly_free_fp_count,,0,100
subgroup11,Yahoo,Yahoo-A2,FINAL_DEFAULT,anomaly_free_mean_excess,,0,100
subgroup11,Yahoo,Yahoo-A2,FINAL_DEFAULT,anomaly_free_score_p95,,0,100
subgroup11,Yahoo,Yahoo-A2,MATCH_FINAL_POSITION,f1_max,0.7489865967365966,100,100
subgroup11,Yahoo,Yahoo-A2,MATCH_FINAL_POSITION,auprc,0.08117251912910435,100,100
subgroup11,Yahoo,Yahoo-A2,MATCH_FINAL_POSITION,vus_pr,0.6903275688338273,100,100
subgroup11,Yahoo,Yahoo-A2,MATCH_FINAL_POSITION,anomaly_free_fp_rate,,0,100
subgroup11,Yahoo,Yahoo-A2,MATCH_FINAL_POSITION,anomaly_free_fp_count,,0,100
subgroup11,Yahoo,Yahoo-A2,MATCH_FINAL_POSITION,anomaly_free_mean_excess,,0,100
subgroup11,Yahoo,Yahoo-A2,MATCH_FINAL_POSITION,anomaly_free_score_p95,,0,100
subgroup11,Yahoo,Yahoo-A2,MATCH_FINAL_ROW,f1_max,0.7496424686424686,100,100
subgroup11,Yahoo,Yahoo-A2,MATCH_FINAL_ROW,auprc,0.15928240877635133,100,100
subgroup11,Yahoo,Yahoo-A2,MATCH_FINAL_ROW,vus_pr,0.6980966433802672,100,100
subgroup11,Yahoo,Yahoo-A2,MATCH_FINAL_ROW,anomaly_free_fp_rate,,0,100
subgroup11,Yahoo,Yahoo-A2,MATCH_FINAL_ROW,anomaly_free_fp_count,,0,100
subgroup11,Yahoo,Yahoo-A2,MATCH_FINAL_ROW,anomaly_free_mean_excess,,0,100
subgroup11,Yahoo,Yahoo-A2,MATCH_FINAL_ROW,anomaly_free_score_p95,,0,100
subgroup11,Yahoo,Yahoo-A2,SCALE_P,f1_max,0.9316190476190477,100,100
subgroup11,Yahoo,Yahoo-A2,SCALE_P,auprc,0.23182360585692952,100,100
subgroup11,Yahoo,Yahoo-A2,SCALE_P,vus_pr,0.7325116284177291,100,100
subgroup11,Yahoo,Yahoo-A2,SCALE_P,anomaly_free_fp_rate,,0,100
subgroup11,Yahoo,Yahoo-A2,SCALE_P,anomaly_free_fp_count,,0,100
subgroup11,Yahoo,Yahoo-A2,SCALE_P,anomaly_free_mean_excess,,0,100
subgroup11,Yahoo,Yahoo-A2,SCALE_P,anomaly_free_score_p95,,0,100
subgroup11,Yahoo,Yahoo-A2,IHP0_NCTP0,f1_max,0.8758037518037518,100,100
subgroup11,Yahoo,Yahoo-A2,IHP0_NCTP0,auprc,0.22343108444353843,100,100
subgroup11,Yahoo,Yahoo-A2,IHP0_NCTP0,vus_pr,0.6857208627766521,100,100
subgroup11,Yahoo,Yahoo-A2,IHP0_NCTP0,anomaly_free_fp_rate,,0,100
subgroup11,Yahoo,Yahoo-A2,IHP0_NCTP0,anomaly_free_fp_count,,0,100
subgroup11,Yahoo,Yahoo-A2,IHP0_NCTP0,anomaly_free_mean_excess,,0,100
subgroup11,Yahoo,Yahoo-A2,IHP0_NCTP0,anomaly_free_score_p95,,0,100
subgroup11,Yahoo,Yahoo-A2,IHP1_NCTP0,f1_max,0.8884682539682539,100,100
subgroup11,Yahoo,Yahoo-A2,IHP1_NCTP0,auprc,0.2818344426980413,100,100
subgroup11,Yahoo,Yahoo-A2,IHP1_NCTP0,vus_pr,0.721720801403335,100,100
subgroup11,Yahoo,Yahoo-A2,IHP1_NCTP0,anomaly_free_fp_rate,,0,100
subgroup11,Yahoo,Yahoo-A2,IHP1_NCTP0,anomaly_free_fp_count,,0,100
subgroup11,Yahoo,Yahoo-A2,IHP1_NCTP0,anomaly_free_mean_excess,,0,100
subgroup11,Yahoo,Yahoo-A2,IHP1_NCTP0,anomaly_free_score_p95,,0,100
subgroup11,Yahoo,Yahoo-A2,IHP0_NCTP1,f1_max,0.9103419913419912,100,100
subgroup11,Yahoo,Yahoo-A2,IHP0_NCTP1,auprc,0.1714881841049778,100,100
subgroup11,Yahoo,Yahoo-A2,IHP0_NCTP1,vus_pr,0.7170223201701204,100,100
subgroup11,Yahoo,Yahoo-A2,IHP0_NCTP1,anomaly_free_fp_rate,,0,100
subgroup11,Yahoo,Yahoo-A2,IHP0_NCTP1,anomaly_free_fp_count,,0,100
subgroup11,Yahoo,Yahoo-A2,IHP0_NCTP1,anomaly_free_mean_excess,,0,100
subgroup11,Yahoo,Yahoo-A2,IHP0_NCTP1,anomaly_free_score_p95,,0,100
subgroup11,Yahoo,Yahoo-A2,IHP1_NCTP1,f1_max,0.9528888888888889,100,100
subgroup11,Yahoo,Yahoo-A2,IHP1_NCTP1,auprc,0.20384168244913883,100,100
subgroup11,Yahoo,Yahoo-A2,IHP1_NCTP1,vus_pr,0.7436418996071334,100,100
subgroup11,Yahoo,Yahoo-A2,IHP1_NCTP1,anomaly_free_fp_rate,,0,100
subgroup11,Yahoo,Yahoo-A2,IHP1_NCTP1,anomaly_free_fp_count,,0,100
subgroup11,Yahoo,Yahoo-A2,IHP1_NCTP1,anomaly_free_mean_excess,,0,100
subgroup11,Yahoo,Yahoo-A2,IHP1_NCTP1,anomaly_free_score_p95,,0,100
subgroup11,Yahoo,Yahoo-A2,CTRL_CLS_LEGACY,f1_max,0.7406666666666666,100,100
subgroup11,Yahoo,Yahoo-A2,CTRL_CLS_LEGACY,auprc,0.026399017285859642,100,100
subgroup11,Yahoo,Yahoo-A2,CTRL_CLS_LEGACY,vus_pr,0.7136607747447969,100,100
subgroup11,Yahoo,Yahoo-A2,CTRL_CLS_LEGACY,anomaly_free_fp_rate,,0,100
subgroup11,Yahoo,Yahoo-A2,CTRL_CLS_LEGACY,anomaly_free_fp_count,,0,100
subgroup11,Yahoo,Yahoo-A2,CTRL_CLS_LEGACY,anomaly_free_mean_excess,,0,100
subgroup11,Yahoo,Yahoo-A2,CTRL_CLS_LEGACY,anomaly_free_score_p95,,0,100
subgroup11,Yahoo,Yahoo-A2,CTRL_CLS_NATIVE_W240,f1_max,0.7406666666666666,100,100
subgroup11,Yahoo,Yahoo-A2,CTRL_CLS_NATIVE_W240,auprc,0.02734499267899445,100,100
subgroup11,Yahoo,Yahoo-A2,CTRL_CLS_NATIVE_W240,vus_pr,0.7146621509912996,100,100
subgroup11,Yahoo,Yahoo-A2,CTRL_CLS_NATIVE_W240,anomaly_free_fp_rate,,0,100
subgroup11,Yahoo,Yahoo-A2,CTRL_CLS_NATIVE_W240,anomaly_free_fp_count,,0,100
subgroup11,Yahoo,Yahoo-A2,CTRL_CLS_NATIVE_W240,anomaly_free_mean_excess,,0,100
subgroup11,Yahoo,Yahoo-A2,CTRL_CLS_NATIVE_W240,anomaly_free_score_p95,,0,100
subgroup11,Yahoo,Yahoo-A2,CTRL_PATCH_MEAN_NATIVE_W240,f1_max,0.7426666666666667,100,100
subgroup11,Yahoo,Yahoo-A2,CTRL_PATCH_MEAN_NATIVE_W240,auprc,0.028192779174700686,100,100
subgroup11,Yahoo,Yahoo-A2,CTRL_PATCH_MEAN_NATIVE_W240,vus_pr,0.7188372530637267,100,100
subgroup11,Yahoo,Yahoo-A2,CTRL_PATCH_MEAN_NATIVE_W240,anomaly_free_fp_rate,,0,100
subgroup11,Yahoo,Yahoo-A2,CTRL_PATCH_MEAN_NATIVE_W240,anomaly_free_fp_count,,0,100
subgroup11,Yahoo,Yahoo-A2,CTRL_PATCH_MEAN_NATIVE_W240,anomaly_free_mean_excess,,0,100
subgroup11,Yahoo,Yahoo-A2,CTRL_PATCH_MEAN_NATIVE_W240,anomaly_free_score_p95,,0,100
subgroup11,Yahoo,Yahoo-A3,FINAL_DEFAULT,f1_max,0.6564751489089622,100,100
subgroup11,Yahoo,Yahoo-A3,FINAL_DEFAULT,auprc,0.06426960172441272,100,100
subgroup11,Yahoo,Yahoo-A3,FINAL_DEFAULT,vus_pr,0.9288693905550286,100,100
subgroup11,Yahoo,Yahoo-A3,FINAL_DEFAULT,anomaly_free_fp_rate,,0,100
subgroup11,Yahoo,Yahoo-A3,FINAL_DEFAULT,anomaly_free_fp_count,,0,100
subgroup11,Yahoo,Yahoo-A3,FINAL_DEFAULT,anomaly_free_mean_excess,,0,100
subgroup11,Yahoo,Yahoo-A3,FINAL_DEFAULT,anomaly_free_score_p95,,0,100
subgroup11,Yahoo,Yahoo-A3,MATCH_FINAL_POSITION,f1_max,0.5011419645806762,100,100
subgroup11,Yahoo,Yahoo-A3,MATCH_FINAL_POSITION,auprc,0.038217483536346436,100,100
subgroup11,Yahoo,Yahoo-A3,MATCH_FINAL_POSITION,vus_pr,0.894429556282358,100,100
subgroup11,Yahoo,Yahoo-A3,MATCH_FINAL_POSITION,anomaly_free_fp_rate,,0,100
subgroup11,Yahoo,Yahoo-A3,MATCH_FINAL_POSITION,anomaly_free_fp_count,,0,100
subgroup11,Yahoo,Yahoo-A3,MATCH_FINAL_POSITION,anomaly_free_mean_excess,,0,100
subgroup11,Yahoo,Yahoo-A3,MATCH_FINAL_POSITION,anomaly_free_score_p95,,0,100
subgroup11,Yahoo,Yahoo-A3,MATCH_FINAL_ROW,f1_max,0.5248996465756863,100,100
subgroup11,Yahoo,Yahoo-A3,MATCH_FINAL_ROW,auprc,0.04745910792273068,100,100
subgroup11,Yahoo,Yahoo-A3,MATCH_FINAL_ROW,vus_pr,0.8960926860287944,100,100
subgroup11,Yahoo,Yahoo-A3,MATCH_FINAL_ROW,anomaly_free_fp_rate,,0,100
subgroup11,Yahoo,Yahoo-A3,MATCH_FINAL_ROW,anomaly_free_fp_count,,0,100
subgroup11,Yahoo,Yahoo-A3,MATCH_FINAL_ROW,anomaly_free_mean_excess,,0,100
subgroup11,Yahoo,Yahoo-A3,MATCH_FINAL_ROW,anomaly_free_score_p95,,0,100
subgroup11,Yahoo,Yahoo-A3,SCALE_P,f1_max,0.6864332640542627,100,100
subgroup11,Yahoo,Yahoo-A3,SCALE_P,auprc,0.07550838118832695,100,100
subgroup11,Yahoo,Yahoo-A3,SCALE_P,vus_pr,0.9262826419276506,100,100
subgroup11,Yahoo,Yahoo-A3,SCALE_P,anomaly_free_fp_rate,,0,100
subgroup11,Yahoo,Yahoo-A3,SCALE_P,anomaly_free_fp_count,,0,100
subgroup11,Yahoo,Yahoo-A3,SCALE_P,anomaly_free_mean_excess,,0,100
subgroup11,Yahoo,Yahoo-A3,SCALE_P,anomaly_free_score_p95,,0,100
subgroup11,Yahoo,Yahoo-A3,IHP0_NCTP0,f1_max,0.6632227867614056,100,100
subgroup11,Yahoo,Yahoo-A3,IHP0_NCTP0,auprc,0.07570665970568836,100,100
subgroup11,Yahoo,Yahoo-A3,IHP0_NCTP0,vus_pr,0.9172243642077835,100,100
subgroup11,Yahoo,Yahoo-A3,IHP0_NCTP0,anomaly_free_fp_rate,,0,100
subgroup11,Yahoo,Yahoo-A3,IHP0_NCTP0,anomaly_free_fp_count,,0,100
subgroup11,Yahoo,Yahoo-A3,IHP0_NCTP0,anomaly_free_mean_excess,,0,100
subgroup11,Yahoo,Yahoo-A3,IHP0_NCTP0,anomaly_free_score_p95,,0,100
subgroup11,Yahoo,Yahoo-A3,IHP1_NCTP0,f1_max,0.668527916725891,100,100
subgroup11,Yahoo,Yahoo-A3,IHP1_NCTP0,auprc,0.11208892844701786,100,100
subgroup11,Yahoo,Yahoo-A3,IHP1_NCTP0,vus_pr,0.9202623174719777,100,100
subgroup11,Yahoo,Yahoo-A3,IHP1_NCTP0,anomaly_free_fp_rate,,0,100
subgroup11,Yahoo,Yahoo-A3,IHP1_NCTP0,anomaly_free_fp_count,,0,100
subgroup11,Yahoo,Yahoo-A3,IHP1_NCTP0,anomaly_free_mean_excess,,0,100
subgroup11,Yahoo,Yahoo-A3,IHP1_NCTP0,anomaly_free_score_p95,,0,100
subgroup11,Yahoo,Yahoo-A3,IHP0_NCTP1,f1_max,0.66608451709645,100,100
subgroup11,Yahoo,Yahoo-A3,IHP0_NCTP1,auprc,0.05768484875311535,100,100
subgroup11,Yahoo,Yahoo-A3,IHP0_NCTP1,vus_pr,0.9204803421424887,100,100
subgroup11,Yahoo,Yahoo-A3,IHP0_NCTP1,anomaly_free_fp_rate,,0,100
subgroup11,Yahoo,Yahoo-A3,IHP0_NCTP1,anomaly_free_fp_count,,0,100
subgroup11,Yahoo,Yahoo-A3,IHP0_NCTP1,anomaly_free_mean_excess,,0,100
subgroup11,Yahoo,Yahoo-A3,IHP0_NCTP1,anomaly_free_score_p95,,0,100
subgroup11,Yahoo,Yahoo-A3,IHP1_NCTP1,f1_max,0.6564751489089622,100,100
subgroup11,Yahoo,Yahoo-A3,IHP1_NCTP1,auprc,0.06426960172441272,100,100
subgroup11,Yahoo,Yahoo-A3,IHP1_NCTP1,vus_pr,0.9288693905550286,100,100
subgroup11,Yahoo,Yahoo-A3,IHP1_NCTP1,anomaly_free_fp_rate,,0,100
subgroup11,Yahoo,Yahoo-A3,IHP1_NCTP1,anomaly_free_fp_count,,0,100
subgroup11,Yahoo,Yahoo-A3,IHP1_NCTP1,anomaly_free_mean_excess,,0,100
subgroup11,Yahoo,Yahoo-A3,IHP1_NCTP1,anomaly_free_score_p95,,0,100
subgroup11,Yahoo,Yahoo-A3,CTRL_CLS_LEGACY,f1_max,0.41859194434736224,100,100
subgroup11,Yahoo,Yahoo-A3,CTRL_CLS_LEGACY,auprc,0.011748837732165602,100,100
subgroup11,Yahoo,Yahoo-A3,CTRL_CLS_LEGACY,vus_pr,0.9266144895506401,100,100
subgroup11,Yahoo,Yahoo-A3,CTRL_CLS_LEGACY,anomaly_free_fp_rate,,0,100
subgroup11,Yahoo,Yahoo-A3,CTRL_CLS_LEGACY,anomaly_free_fp_count,,0,100
subgroup11,Yahoo,Yahoo-A3,CTRL_CLS_LEGACY,anomaly_free_mean_excess,,0,100
subgroup11,Yahoo,Yahoo-A3,CTRL_CLS_LEGACY,anomaly_free_score_p95,,0,100
subgroup11,Yahoo,Yahoo-A3,CTRL_CLS_NATIVE_W240,f1_max,0.41859194434736224,100,100
subgroup11,Yahoo,Yahoo-A3,CTRL_CLS_NATIVE_W240,auprc,0.011681611242815306,100,100
subgroup11,Yahoo,Yahoo-A3,CTRL_CLS_NATIVE_W240,vus_pr,0.926814532508955,100,100
subgroup11,Yahoo,Yahoo-A3,CTRL_CLS_NATIVE_W240,anomaly_free_fp_rate,,0,100
subgroup11,Yahoo,Yahoo-A3,CTRL_CLS_NATIVE_W240,anomaly_free_fp_count,,0,100
subgroup11,Yahoo,Yahoo-A3,CTRL_CLS_NATIVE_W240,anomaly_free_mean_excess,,0,100
subgroup11,Yahoo,Yahoo-A3,CTRL_CLS_NATIVE_W240,anomaly_free_score_p95,,0,100
subgroup11,Yahoo,Yahoo-A3,CTRL_PATCH_MEAN_NATIVE_W240,f1_max,0.42005309736404095,100,100
subgroup11,Yahoo,Yahoo-A3,CTRL_PATCH_MEAN_NATIVE_W240,auprc,0.012172011841681185,100,100
subgroup11,Yahoo,Yahoo-A3,CTRL_PATCH_MEAN_NATIVE_W240,vus_pr,0.9219209064649161,100,100
subgroup11,Yahoo,Yahoo-A3,CTRL_PATCH_MEAN_NATIVE_W240,anomaly_free_fp_rate,,0,100
subgroup11,Yahoo,Yahoo-A3,CTRL_PATCH_MEAN_NATIVE_W240,anomaly_free_fp_count,,0,100
subgroup11,Yahoo,Yahoo-A3,CTRL_PATCH_MEAN_NATIVE_W240,anomaly_free_mean_excess,,0,100
subgroup11,Yahoo,Yahoo-A3,CTRL_PATCH_MEAN_NATIVE_W240,anomaly_free_score_p95,,0,100
subgroup11,Yahoo,Yahoo-A4,FINAL_DEFAULT,f1_max,0.4147814108058824,100,100
subgroup11,Yahoo,Yahoo-A4,FINAL_DEFAULT,auprc,0.0370558388003977,100,100
subgroup11,Yahoo,Yahoo-A4,FINAL_DEFAULT,vus_pr,0.8516880618710951,100,100
subgroup11,Yahoo,Yahoo-A4,FINAL_DEFAULT,anomaly_free_fp_rate,,0,100
subgroup11,Yahoo,Yahoo-A4,FINAL_DEFAULT,anomaly_free_fp_count,,0,100
subgroup11,Yahoo,Yahoo-A4,FINAL_DEFAULT,anomaly_free_mean_excess,,0,100
subgroup11,Yahoo,Yahoo-A4,FINAL_DEFAULT,anomaly_free_score_p95,,0,100
subgroup11,Yahoo,Yahoo-A4,MATCH_FINAL_POSITION,f1_max,0.2744091342388286,100,100
subgroup11,Yahoo,Yahoo-A4,MATCH_FINAL_POSITION,auprc,0.018001732486440082,100,100
subgroup11,Yahoo,Yahoo-A4,MATCH_FINAL_POSITION,vus_pr,0.8292518201078873,100,100
subgroup11,Yahoo,Yahoo-A4,MATCH_FINAL_POSITION,anomaly_free_fp_rate,,0,100
subgroup11,Yahoo,Yahoo-A4,MATCH_FINAL_POSITION,anomaly_free_fp_count,,0,100
subgroup11,Yahoo,Yahoo-A4,MATCH_FINAL_POSITION,anomaly_free_mean_excess,,0,100
subgroup11,Yahoo,Yahoo-A4,MATCH_FINAL_POSITION,anomaly_free_score_p95,,0,100
subgroup11,Yahoo,Yahoo-A4,MATCH_FINAL_ROW,f1_max,0.27827053265978424,100,100
subgroup11,Yahoo,Yahoo-A4,MATCH_FINAL_ROW,auprc,0.020331784753393305,100,100
subgroup11,Yahoo,Yahoo-A4,MATCH_FINAL_ROW,vus_pr,0.8259217017024969,100,100
subgroup11,Yahoo,Yahoo-A4,MATCH_FINAL_ROW,anomaly_free_fp_rate,,0,100
subgroup11,Yahoo,Yahoo-A4,MATCH_FINAL_ROW,anomaly_free_fp_count,,0,100
subgroup11,Yahoo,Yahoo-A4,MATCH_FINAL_ROW,anomaly_free_mean_excess,,0,100
subgroup11,Yahoo,Yahoo-A4,MATCH_FINAL_ROW,anomaly_free_score_p95,,0,100
subgroup11,Yahoo,Yahoo-A4,SCALE_P,f1_max,0.44506861009971116,100,100
subgroup11,Yahoo,Yahoo-A4,SCALE_P,auprc,0.04981203803271453,100,100
subgroup11,Yahoo,Yahoo-A4,SCALE_P,vus_pr,0.8692355535315205,100,100
subgroup11,Yahoo,Yahoo-A4,SCALE_P,anomaly_free_fp_rate,,0,100
subgroup11,Yahoo,Yahoo-A4,SCALE_P,anomaly_free_fp_count,,0,100
subgroup11,Yahoo,Yahoo-A4,SCALE_P,anomaly_free_mean_excess,,0,100
subgroup11,Yahoo,Yahoo-A4,SCALE_P,anomaly_free_score_p95,,0,100
subgroup11,Yahoo,Yahoo-A4,IHP0_NCTP0,f1_max,0.4145646916834829,100,100
subgroup11,Yahoo,Yahoo-A4,IHP0_NCTP0,auprc,0.05039648334378986,100,100
subgroup11,Yahoo,Yahoo-A4,IHP0_NCTP0,vus_pr,0.8511940801728147,100,100
subgroup11,Yahoo,Yahoo-A4,IHP0_NCTP0,anomaly_free_fp_rate,,0,100
subgroup11,Yahoo,Yahoo-A4,IHP0_NCTP0,anomaly_free_fp_count,,0,100
subgroup11,Yahoo,Yahoo-A4,IHP0_NCTP0,anomaly_free_mean_excess,,0,100
subgroup11,Yahoo,Yahoo-A4,IHP0_NCTP0,anomaly_free_score_p95,,0,100
subgroup11,Yahoo,Yahoo-A4,IHP1_NCTP0,f1_max,0.41138823655816525,100,100
subgroup11,Yahoo,Yahoo-A4,IHP1_NCTP0,auprc,0.06604789149015212,100,100
subgroup11,Yahoo,Yahoo-A4,IHP1_NCTP0,vus_pr,0.8580914015786828,100,100
subgroup11,Yahoo,Yahoo-A4,IHP1_NCTP0,anomaly_free_fp_rate,,0,100
subgroup11,Yahoo,Yahoo-A4,IHP1_NCTP0,anomaly_free_fp_count,,0,100
subgroup11,Yahoo,Yahoo-A4,IHP1_NCTP0,anomaly_free_mean_excess,,0,100
subgroup11,Yahoo,Yahoo-A4,IHP1_NCTP0,anomaly_free_score_p95,,0,100
subgroup11,Yahoo,Yahoo-A4,IHP0_NCTP1,f1_max,0.40941389838754894,100,100
subgroup11,Yahoo,Yahoo-A4,IHP0_NCTP1,auprc,0.03203752574054179,100,100
subgroup11,Yahoo,Yahoo-A4,IHP0_NCTP1,vus_pr,0.8441246485850145,100,100
subgroup11,Yahoo,Yahoo-A4,IHP0_NCTP1,anomaly_free_fp_rate,,0,100
subgroup11,Yahoo,Yahoo-A4,IHP0_NCTP1,anomaly_free_fp_count,,0,100
subgroup11,Yahoo,Yahoo-A4,IHP0_NCTP1,anomaly_free_mean_excess,,0,100
subgroup11,Yahoo,Yahoo-A4,IHP0_NCTP1,anomaly_free_score_p95,,0,100
subgroup11,Yahoo,Yahoo-A4,IHP1_NCTP1,f1_max,0.4147814108058824,100,100
subgroup11,Yahoo,Yahoo-A4,IHP1_NCTP1,auprc,0.0370558388003977,100,100
subgroup11,Yahoo,Yahoo-A4,IHP1_NCTP1,vus_pr,0.8516880618710951,100,100
subgroup11,Yahoo,Yahoo-A4,IHP1_NCTP1,anomaly_free_fp_rate,,0,100
subgroup11,Yahoo,Yahoo-A4,IHP1_NCTP1,anomaly_free_fp_count,,0,100
subgroup11,Yahoo,Yahoo-A4,IHP1_NCTP1,anomaly_free_mean_excess,,0,100
subgroup11,Yahoo,Yahoo-A4,IHP1_NCTP1,anomaly_free_score_p95,,0,100
subgroup11,Yahoo,Yahoo-A4,CTRL_CLS_LEGACY,f1_max,0.28485497316282077,100,100
subgroup11,Yahoo,Yahoo-A4,CTRL_CLS_LEGACY,auprc,0.007802251660680482,100,100
subgroup11,Yahoo,Yahoo-A4,CTRL_CLS_LEGACY,vus_pr,0.8505704902153564,100,100
subgroup11,Yahoo,Yahoo-A4,CTRL_CLS_LEGACY,anomaly_free_fp_rate,,0,100
subgroup11,Yahoo,Yahoo-A4,CTRL_CLS_LEGACY,anomaly_free_fp_count,,0,100
subgroup11,Yahoo,Yahoo-A4,CTRL_CLS_LEGACY,anomaly_free_mean_excess,,0,100
subgroup11,Yahoo,Yahoo-A4,CTRL_CLS_LEGACY,anomaly_free_score_p95,,0,100
subgroup11,Yahoo,Yahoo-A4,CTRL_CLS_NATIVE_W240,f1_max,0.28485497316282077,100,100
subgroup11,Yahoo,Yahoo-A4,CTRL_CLS_NATIVE_W240,auprc,0.007737580469801173,100,100
subgroup11,Yahoo,Yahoo-A4,CTRL_CLS_NATIVE_W240,vus_pr,0.8509278851967964,100,100
subgroup11,Yahoo,Yahoo-A4,CTRL_CLS_NATIVE_W240,anomaly_free_fp_rate,,0,100
subgroup11,Yahoo,Yahoo-A4,CTRL_CLS_NATIVE_W240,anomaly_free_fp_count,,0,100
subgroup11,Yahoo,Yahoo-A4,CTRL_CLS_NATIVE_W240,anomaly_free_mean_excess,,0,100
subgroup11,Yahoo,Yahoo-A4,CTRL_CLS_NATIVE_W240,anomaly_free_score_p95,,0,100
subgroup11,Yahoo,Yahoo-A4,CTRL_PATCH_MEAN_NATIVE_W240,f1_max,0.2944560357942711,100,100
subgroup11,Yahoo,Yahoo-A4,CTRL_PATCH_MEAN_NATIVE_W240,auprc,0.00794602233110668,100,100
subgroup11,Yahoo,Yahoo-A4,CTRL_PATCH_MEAN_NATIVE_W240,vus_pr,0.8460518852776882,100,100
subgroup11,Yahoo,Yahoo-A4,CTRL_PATCH_MEAN_NATIVE_W240,anomaly_free_fp_rate,,0,100
subgroup11,Yahoo,Yahoo-A4,CTRL_PATCH_MEAN_NATIVE_W240,anomaly_free_fp_count,,0,100
subgroup11,Yahoo,Yahoo-A4,CTRL_PATCH_MEAN_NATIVE_W240,anomaly_free_mean_excess,,0,100
subgroup11,Yahoo,Yahoo-A4,CTRL_PATCH_MEAN_NATIVE_W240,anomaly_free_score_p95,,0,100
